crop,state,Cost of Cultivation (Rs./Hectare) A1,Cost of Cultivation (Rs./Hectare) A2,Cost of Cultivation (Rs./Hectare) B1,Cost of Cultivation (Rs./Hectare) B2,Cost of Cultivation (Rs./Hectare) C1,Cost of Cultivation (Rs./Hectare) C2,Cost of Cultivation (Rs./Hectare) C2 Revised,Cost of Production (Rs./Qtl) A1,Cost of Production (Rs./Qtl) A2,Cost of Production (Rs./Qtl) B1,Cost of Production (Rs./Qtl) B2,Cost of Production (Rs./Qtl) C1,Cost of Production (Rs./Qtl) C2,Cost of Production (Rs./Qtl) C2 Revised,Cost of Production (Rs./Qtl) C3,Value of Main Product (Rs./Hectare),Value of By- Product (Rs./Hectare),Seed (Kg.) per Hectare,Fertilizer (Kg. Nutrients) per Hectare,Manure (Qtl.) per Hectare,Human Labour* (Man Hrs.) per Hectare,Animal Labour (Pair Hrs.) per Hectare,Seed (Kg.) Rate (Rs.) ,Fertilizer (Kg. Nutrients) Rate(Rs.) ,Manure (Qtl.) Rate (Rs.) ,Human Labour (Man Hrs.) Rate (Rs.) ,Animal Labour (Pair Hrs.) Rate (Rs.) ,Implicit (Qtl.) Rate (Rs.) ,Number of Holdings in Sample,Number of Tehsils in Sample,Derived Yield (Qtl./Hectare),Operational Cost,Human Labour,Animal Labour,Machine Labour,Seed,Fertilizer & Manure,Insecticides,Irrigation Charges,Crop Insurance,Miscellaneous,Interest on Working Capital,Fixed Costs,Rental Value of Owned Land,Rent Paid For Leased-in-Land,"Land Revenue, Taxes, Cesses",Depreciation on Implements & Farm Building,Interest on Fixed Capital,Total Cost [11+12]
Arhar,Andhra Pradesh,23949.57,24420.64,24877.48,35334.46,30143.09,40600.07,41121.9058,3892.98,3942.94,3978.03,5572.64,4944.73,6539.33,6628.484303,7291.332733,32582.9,703.46,9.303,85.939,1.003,256.86,16.48,112.766,28.047,30.003,48,115.06,4838.75,39,12,6.07,29059.80935,12328.87,1895.93,5955.29,1049.02,2440.4,2040.47,7.12,0,297.79,721.03,11540.26,9985.91,471.07,0,155.37,927.91,40600.06935
Arhar,Bihar,16769.36,16769.36,18076.74,33897.1,21180.65,37001.01,37010.847,1281.18,1281.18,1374.32,2583.21,1618.22,2827.11,2827.785581,3110.564139,46728.36,1659.42,27.914,52.513,0,264.26,0,78.763,39.063,0,37.41,0,4682.83,12,2,12.65,19284.07,9886.7,0,4657.12,2198.61,2051.33,0,0,0,0,490.31,17716.94,15820.37,0,117.24,471.95,1307.38,37001.01
Arhar,Chhattisgarh,17255.6,17255.6,17834.56,20826.36,18980.1,21971.9,25184.175,3604.77,3604.77,3725.71,4350.71,3965.02,4590.02,5258.974562,5784.872019,10245.9,1721.31,19.672,52.459,0,376.98,13.11,80.001,35.625,0,20.73,37.51,2499,1,1,4.1,18115.49,7814.39,491.8,5852.46,1573.77,1868.85,0,0,0,0,514.22,3856.41,2991.8,0,2.8,282.85,578.96,21971.9
Arhar,Gujarat,25065.81,26199.73,31439.28,39653.35,43606.28,51820.35,51820.35,2156.27,2248.63,2655.01,3330.43,3743.72,4419.14,4419.14,4861.05,45080.58,3459.27,7.78,54.3,8.29,845.3,37.44,83.03,22.95,100.95,26.13,115.95,4109.59,44,14,10.9,36893.09,22088.18,4341.58,3933.9,646.37,2075.08,1618.93,1439.79,0,0,749.26,14927.26,7080.16,1133.92,10.38,329.33,6373.47,51820.35
Arhar,Karnataka,25589.37,25589.37,27673.68,39204.53,32794.88,44325.73,46203.4,2360.01,2360.01,2556.15,3630.46,3008.08,4082.4,4256.05,4681.65,47077.79,1649.48,12.91,229.15,0.68,310.37,40.9,69.16,12.17,152.11,31.95,133.64,4258.35,101,23,10.47,30487.91,9916.39,5466.53,6028.28,892.6,2892.89,3909.73,73.22,0,225.67,768.67,13837.82,11530.88,0,9.37,213.27,2084.3,44325.73
Arhar,Madhya Pradesh,18498.61,18498.61,20976.55,28811.2,27370.23,35204.88,35204.88,2323.98,2323.98,2677.89,3615.79,3377.76,4315.66,4315.66,4747.226,29796.77,2666.25,26.461,47.098,2.029,362.72,16.99,79.027,32.956,183.42,32.36,105.66,3741.25,47,15,7.49,23618.94014,11736.93,1795.51,4158.73,2091.15,1924.34,1049.15,251.99,83.64014,5.54,521.96,11585.94,7834.65,0,4.48,1268.87,2477.94,35204.88014
Arhar,Maharashtra,51286.99,51286.99,58447.38,72531.68,73647.42,87731.72,87731.72,2638.16,2638.16,3022.88,3749.17,3820.89,4547.18,4547.18,5001.9,81781.46,2707.38,23.19,156.01,2.65,1000.49,77.61,94.81,31.59,238.6,29.65,94.41,4364.97,176,32,18.68,65029.94,29661.92,7327.19,10175.72,2198.6,5560.63,7417.73,658.92,62.88,281.28,1509.98,22701.78,14084.3,0,62.97,1394.12,7160.39,87731.72
Arhar,Odisha,5295.17,5295.17,6775.62,12273.94,17204.34,22702.65,22702.65,1076.55,1076.55,1333.69,2399.16,3375.73,4441.2,4441.2,4885.32,21576.57,416.68,17.79,0.4,0.3,315.15,42.01,54.31,29.15,105.98,36.11,44.96,4153.5,40,10,5.02,15057.67,11379.38,1888.72,626.24,966.07,42.92,0,0,0,14.07,140.27,7644.98,5498.31,0,17.77,648.44,1480.46,22702.65
Arhar,Tamil Nadu,30534.63,30534.63,33880.43,46097.31,38666.13,50883,50883,3899.51,3899.51,4474.43,6053.8,5072.08,6651.45,6651.45,7316.6,33221.43,527.13,17.63,98.33,7.7,466.84,0,100,39.37,115,41.91,0,4153.9,5,5,7.53,33488.08,19565.52,0,4526.83,1763.33,4757.37,1939.82,58.38,0,7.07,869.76,17394.92,12216.87,0,14.61,1817.64,3345.8,50883
Arhar,Uttar Pradesh,14402.69,14402.69,18410.92,33896.4,27816.39,43301.87,43382.21,1639.13,1639.13,1964.77,3307.99,2918.26,4261.47,4272.86,4700.15,38943.43,7839.37,16.52,10.59,0.43,487.06,0.27,124.36,19.79,50,28.55,157.49,5198.97,73,23,8.44,22457.03,13907.91,42.07,4038.1,2053.79,231.18,293.27,1305.08,0,0,395.49,20844.84,15485.48,0,16.61,1334.52,4008.23,43301.87
Bajra,Gujarat,26925.46,27632.29,29895.69,39121.33,38357.01,47582.65,47582.65,678.26,697.16,749,976.47,963.94,1191.41,1191.41,1310.55,34377.8,18311.84,7.13,132.76,9.23,592.51,6.24,295.84,21.05,77.09,29.5,162.84,1282.6,141,28,26.11,35109.62,17477.57,1015.7,5270.91,2108.4,3506.41,123.52,4324.22,0,0,807.51,12473.03,8518.8,706.83,3.81,273.35,2970.24,47582.65
Bajra,Haryana,17129.88,17129.88,22534.34,31640.04,31570.85,40676.55,40676.55,671.45,671.45,892.78,1240.9,1236.26,1584.37,1584.37,1742.81,22625.87,7410.8,4.34,133.7,0,271.08,0.04,188.32,15.73,0,51.08,141.18,1105.85,114,18,19.48,24973.84,13846.82,5,6692.75,816.66,2103.61,131.25,746.79,0,0,482.95,15702.25,9105.7,0,0,1192.09,5404.46,40676.09
Bajra,Maharashtra,30199.21,30199.21,26370.79,43305.17,41551.83,48486.2,48486.2,1207.27,1207.27,1448.73,1725.76,1644.19,1921.22,1921.22,2113.34,35489.84,6108.11,4.7,89.83,0,466.29,18.75,225.45,20.91,0,35.27,119.46,1681.63,42,17,21.41,34787.53,16445.36,2240.36,10476.54,1058.86,1878.39,0,1236.05,0,29.68,897.15,13698.67,6934.38,0,16.72,575.99,6171.58,48486.2
Bajra,Rajasthan,9539.95,9539.95,10653,14720.53,25101.57,29169.11,29169.11,479.41,479.41,539.7,740.01,1241.53,1441.83,1441.83,1586.013,12129.1,12271.23,6,28.168,1.199,352.58,0.69,159.056,27.1,47.731,49.22,165.1,1172.54,258,33,10.24,23750.39,17355.34,113.13,3884.42,954.4,820.56,0,332.47,0,8.21,281.86,5418.72,4067.53,0,4.15,233.99,1113.05,29169.11
Bajra,Uttar Pradesh,15302.56,16196.5,17611.28,27262.95,24812.14,34463.8,34463.8,542.59,564.28,622.89,964.74,888.49,1230.33,1230.33,1353.36,22408.23,6740.9,4.83,58.5,0.5,406.66,0.2,221.46,16.4,0,31.52,113.96,1055.13,105,19,21.56,22045.62,12819.18,22.39,5429.87,1069.45,959.57,100.08,977.69,0,0,449.83,12418.18,8757.73,893.93,4.58,453.22,2308.72,34463.8
Cotton,Andhra Pradesh,56613.14,59292.54,59522.01,83310.14,67744.14,91532.27,91532.27,3444.12,3575.65,3650.32,4995.85,4204.85,5550.38,5550.38,6105.418,71231.64,9.81,2.804,273.705,7.825,523.4,35.73,1715.022,27.629,45.636,49.07,168.24,4175.03,179,29,16.49,64485.10992,25682.42,6010.84,4547.08,4808.97,7919.44,5249.06,104.38,0,181.44,1704.93,27047.16,21108.73,2679.39,0,350.17,2908.87,91532.26992
Cotton,Gujarat,50277.01,51098.5,56951.13,74268.13,68032.92,85349.91,85349.91,2357.18,2397.71,2665.79,3472.65,3189.09,3995.94,3995.94,4395.53,98257.57,1830.61,1.81,216.39,36.55,954.06,21.49,1719.22,24.02,117.78,29.54,149.28,4637.93,291,40,20.95,60695.51,28178.8,3208.16,6151.39,3106.63,9488.68,3159.35,3742.82,0,3.38,1503.43,24654.4,16495.51,821.49,11.04,652.23,6674.13,85349.91
Cotton,Haryana,29141.73,29141.73,35306.87,54408.59,51140.72,70242.44,70242.44,1967.51,1967.51,2384.29,3677.36,3454.35,4747.42,4747.42,5222.16,63479.99,3515.82,2.07,124.71,0,525.04,1.5,1868.08,22.17,0,48.95,132.43,4561.73,124,17,14.02,43853.06,25701.3,199.08,5374.9,3867.77,2764.41,2233.19,2859.93,0,0,849.05,26389.38,19101.73,0,0,1122.51,6165.14,70242.44
Cotton,Karnataka,36443.66,36443.66,38623.43,53159.36,45610.56,60146.48,67019.5,2721.13,2721.13,2979.6,3938.06,3493.97,4452.44,4959.78,5455.76,66533.38,1039.92,11.1,139.31,6.94,660.9,38.55,359.31,31.26,117.32,27.6,119.86,4272.94,73,19,13.29,43140.04,18241.18,4620.96,5816.16,3989.7,5168.23,3159.95,790.98,0,257.35,1095.53,17006.44,14535.92,0,8.35,282.4,2179.77,60146.48
Cotton,Madhya Pradesh,46238.87,46238.87,50346.17,67421.24,61584.79,78659.86,78659.86,2402.46,2402.46,2614.27,3497.26,3194.27,4077.25,4077.25,4484.975,69998.59,5138.98,1.14,146.483,12.495,871.96,53.38,1940.814,25.3,199.463,33.4,117.89,4148.22,31,5,17.97,56556.6397,29127.39,6292.35,3794.26,2212.28,6198.24,5342.27,1459.39,733.8597,23.34,1373.26,22103.22,17075.07,0,4.02,916.83,4107.3,78659.8597
Cotton,Maharashtra,52229.27,52229.27,60008.27,70795.23,72145.24,82932.2,82932.2,3494.69,3494.69,4022.09,4748.1,4821.05,5547.05,5547.05,6101.76,63083.36,1625.47,1.78,295.75,3.36,971.76,69.61,1767.82,28.04,261.24,30.3,103.28,4351.43,206,39,14.57,63275.03,29446.31,7188.91,5702.56,3137.91,9169.36,3886.37,2742.13,284.56,159.24,1549.63,19657.17,10786.97,0,34.06,1057.13,7779.01,82932.2
Cotton,Odisha,37026.69,37604.2,38049.87,54160.91,53578.41,69689.45,69689.45,2367.86,2406.14,2430.83,2416.61,3356.84,4342.62,4342.62,4776.88,66289.47,0,1.45,205.61,11.35,1220.61,41.47,1806.53,36.52,127.36,26.85,32.76,4104.05,39,6,16.05,51799.54,32774.71,1358.74,3554.92,2620.23,8953.83,929.95,0,0,71.7,1099.11,17889.91,15533.53,577.51,12.24,743.45,1023.18,69689.45
Cotton,Punjab,43411.22,50171.16,46387.32,79649.36,53006.37,86268.41,86268.41,2054.18,2374.06,2195.01,3768.94,2508.22,4082.15,4082.15,4490.365,92827.73,4189.07,2.958,182.239,0,605.15,1.23,1749.5,19.411,0,41.91,110.76,4584.22,58,8,20.22,49450.16,25364.85,136.23,7111.81,5175.02,3537.53,5663.03,1151.84,0,11.95,1297.9,36818.25,26502.09,6759.95,0,580.1,2976.11,86268.41
Cotton,Rajasthan,30767.91,30851.68,37111.93,51768.21,59257.12,73913.41,73913.41,1711.07,1715.51,2020.57,2783.65,3225.86,3988.94,3988.94,4387.834,81831.71,5585.91,2.726,146.131,5.755,689.98,3.37,1706.308,25.009,129.427,45.05,120.36,4600.57,88,19,17.44,52071.74,31083.33,406.09,4008.41,4651.87,4399.5,2515.19,4069.56,0,30.94,906.85,21841.67,14572.52,83.77,7.04,834.33,6344.01,73913.41
Cotton,Tamil Nadu,64172.64,64172.64,75023.55,93025.97,106007.9,124010.31,124010.31,3488.76,3488.76,4063.58,4974.84,5841.09,6752.36,6752.36,7427.6,87572.58,515.02,5.26,247.6,43.51,1284.61,0.24,679.45,28.08,165.84,48.2,100.2,4762.99,70,17,18.25,94082.89,61916.85,23.64,6548.7,3571.77,14166.81,2809.04,2732.72,0,217.11,1912.07,29927.42,18002.41,0,11.46,1062.62,10850.93,124010.31
Groundnut,Andhra Pradesh,42780.13,43699.34,44501.55,62051.4,53384.26,70934.11,70934.11,2943.86,3005.94,3059.39,4258.33,3676.56,4875.50,4875.50,5363.05,56208.82,4533.91,139.263,109.026,39.243,420.35,10.41,90.181,27.913,74.257,48.56,87.09,3988.54,70,14,13.46,51331.23154,20411.78,906.82,5412.03,12558.78,5957.37,1196.65,681.76,0,141.14,1286.3,19602.88,16630.64,919.21,0,331.61,1721.42,70934.11154
Groundnut,Gujarat,46360.14,46749.25,50364.91,65545.01,59554.31,74734.41,74734.41,2157.57,2175.36,2337.78,3004.89,2762.26,3429.36,3429.36,3772.3,75119.37,14885.33,146.9,102.94,30.4,570.49,29.93,75.86,29.74,120.71,34.15,136.37,3902.16,238,35,18.18,55208.85,19481.81,4081.81,6727.29,11143.47,6731.4,3404.78,1727.5,0,0,1394.51,19525.56,14791,389.1,4.85,335.84,4004.77,74734.41
Groundnut,Karnataka,36821.99,36821.99,40422.02,50027.04,45977.3,55582.32,62001.74,3627.76,3627.76,3970.27,4878.34,4480.3,5388.36,6013.77,6615.15,39462.03,3454.25,118.22,149.58,0.89,602.74,49.06,83.17,31.33,371.85,27.35,106.35,4002.89,63,19,9.45,42055.79,16484.7,5217.14,3635.03,9831.85,5017.59,130.55,353.62,0,195.85,1106.06,13526.53,9605.02,0,26.5,294.98,3600.03,55582.32
Groundnut,Madhya Pradesh,39339.2,39339.2,40555.83,53118.33,49956.58,62519.08,62519.08,2505.18,2505.18,2582.66,3382.66,3181.31,3981.31,3981.31,4379.441,48000,2250,100,140,0,667.25,15,95,34.411,0,36.57,62.5,3200,1,1,15,47652.38,24400.75,937.5,4875,9500,4817.5,1362.5,0,600,0,1159.13,14866.7,12562.5,0,2.4,1085.18,1216.62,62519.08
Groundnut,Maharashtra,44887.11,44887.11,48983.34,59122.34,65370,75509,75509,3186.86,3186.86,3479.78,4216.09,4717.67,5453.99,5453.99,5999.39,58026.95,2794.78,87.41,125.1,0.75,912.25,34.87,101.86,35.3,171.22,31.67,133.91,3936.76,36,12,13.2,60638.88,28893.43,4669.83,10105.2,8903.67,4545.1,36.48,2007.56,0,136.64,1340.97,14870.12,10138.99,0,18.39,616.5,4096.24,75509
Groundnut,Odisha,23722.79,23722.79,25082.31,36029.15,47525.7,58472.54,58472.54,2397.36,2397.36,2537.98,3600,4920.73,5982.74,5982.74,6581.01,43122.42,664.93,135.3,50.37,3.26,861.47,106.83,54.23,34.76,100.08,34.79,41.18,4301.72,81,16,9.63,45723.58,29971.51,4399.19,1193.96,7337.41,2076.88,0.92,3.67,0,34.59,705.45,12748.96,10946.83,0,16.75,425.87,1359.51,58472.54
Groundnut,Rajasthan,32626.25,32626.25,36339.32,49781.85,47247.69,60690.21,60690.21,1550.18,1550.18,1717.72,2352.53,2235.75,2870.56,2870.56,3157.616,72619.02,8019.98,122.162,122.212,21.229,304.99,0.31,95.312,27.884,58.91,42.5,77.66,3663.91,87,22,19.05,43170.28,12962.89,23.95,7252.24,11643.49,4658.38,1178.63,4466.34,0,6.74,977.62,17519.93,13442.53,0,6.32,358,3713.08,60690.21
Groundnut,Tamil Nadu,46424.1,46441.26,61247.97,81127.58,71572.63,91452.23,91452.23,2543.57,2544.16,3395.76,4499.49,3949.94,5053.68,5053.68,5559.05,63770.99,5847.49,121.97,246.15,15.41,572.5,1.5,85.08,19.03,138.82,48.41,112.03,3929.16,107,19,16.47,56088.15,27716.2,167.94,6292.13,10377,6823.75,837.54,1988.69,0,165.71,1386.76,35364.08,19865.45,14.16,10.15,653.45,14820.87,91452.23
Groundnut,Uttar Pradesh,22723.96,22723.96,24448.18,33956.18,35356.06,44864.06,44864.06,2061.67,2061.67,2220.39,3086.17,3225.3,4091.09,4091.09,4500.2,33029.84,975.83,79.51,20.27,0,519.08,7.85,85.59,19.45,0,32.16,120.27,3157.26,27,4,10.65,33218.17,16693.93,944.28,5754.76,6805.28,394.07,796.4,780.1,0,373.22,676.06,11645.89,9508,0,7.51,406.15,1724.23,44864.06
Jowar,Andhra Pradesh,29920.59,31402.01,31000.23,46993.72,42069.88,58063.38,58063.38,969.2,1013.9,1007.16,1496.37,1499.19,1988.39,1988.39,2187.229,44559.16,5117.66,9.013,199.755,4.612,503.14,25.98,95.057,28.079,103.404,43.2,117.56,1077.71,17,6,25.83,40634,21736.62,3053.72,5333.31,856.78,6085.76,2338.3,269.43,0,64.2,895.88,17429.4,14512.08,1481.42,0,356.24,1079.64,58063.38
Jowar,Karnataka,17423.44,17423.44,18389.11,25897.88,23202.85,30711.6,33565.84,1225.52,1225.52,1281.45,1799.63,1656.66,2174.84,2376.52,2614.17,23470.47,7166.4,10.18,61.61,0,357.71,26.48,50.86,31.46,0,30.02,130.77,1770.6,104,30,10.84,22035.27,10738.74,3463.32,4601.53,518,1938.03,27.84,144.88,0,81.08,521.85,8676.33,7508.76,0,11.31,190.59,965.67,30711.6
Jowar,Madhya Pradesh,19570.03,19570.03,21589.66,28502.75,30617.64,37530.72,37530.72,635.06,635.06,700.6,924.93,993.56,1217.89,1217.89,1339.679,17899.24,11569.85,10.912,103.249,14.5,340.07,0,133.549,23.67,200.001,40.36,0,947.28,10,2,18.72,28266.20278,13726.61,0,6789.37,1457.29,5343.92,0,250.25,94.94278,20.85,582.97,9264.52,6913.09,0,2.76,329.03,2019.64,37530.72278
Jowar,Maharashtra,28703.82,28703.82,35756.44,42439.56,43559.36,50242.47,50242.47,1399.93,1399.93,1753.63,2074.41,2132.48,2453.26,2453.26,2698.59,22455.8,17634.87,11.94,114.09,0.3,552.46,35.93,39.9,30.34,227.99,32.08,107.24,1793.29,102,31,11.26,35761.77,17720.27,3853.39,6263.77,476.53,3528.98,11.53,2828.39,4.69,30.84,847.22,14480.7,6683.12,0,38.43,706.53,7052.62,50242.47
Jowar,Rajasthan,12258.03,12258.03,13618.28,18388.3,27937.03,32707.06,32707.06,850.12,850.12,939.98,1239.03,1836.84,2135.89,2135.89,2349.479,11481.3,17133.12,34.332,50.316,0,424.38,2.75,28.211,25.94,0,43.24,130.98,1791.59,39,9,6.2,26260.24,18351.93,360.22,4580.65,968.57,1305.21,0,302.58,0,29.23,361.85,6446.82,4770.03,0,8.95,307.59,1360.25,32707.06
Jowar,Tamil Nadu,25054.06,25055.66,29017.86,37247.33,42858.63,51088.1,51130.09,1915.77,1915.96,2119.86,2609.23,3206.48,3695.85,3700.32,4070.35,21422.92,14947.75,46.67,85.47,14.73,491.04,0,68.32,26.71,161.2,47.87,0,2410.99,36,10,8.18,38094.73,23507.5,0,5499.11,3188.69,4657.95,45.2,417.68,0,43.64,734.96,12993.37,8227.86,1.6,7.84,792.27,3963.8,51088.1
Maize,Andhra Pradesh,40642.69,41899.72,43680.17,69850.72,51113.59,77284.13,77683.7472,628.44,643.62,669.89,1061.59,782.29,1173.99,1180.133091,1298.1464,81855.01,2104.73,22.099,272.799,0.517,368.74,16.31,242.561,24.589,106.445,50.2,129.43,1264.95,87,25,63.88,47492.13366,18509.37,2111.27,7478.15,5360.34,6762.81,1690.05,691.77,0,141.82,1213.89,29792,24913.51,1257.04,0,583.96,3037.49,77284.13366
Maize,Bihar,26688.93,26688.93,28409.94,43101.07,33772.16,48463.29,49305.0168,574.19,574.19,615.86,925.42,721.31,1030.87,1048.656378,1153.522015,50560.54,8502.42,18.728,128.813,2.923,488.67,0,98.816,28.248,99.991,31.32,0,1264.42,88,15,40.43,31424.72,15303.93,0,4886.27,1850.61,3930.93,4.98,4655.64,0,2.59,789.77,17038.57,14691.13,0,113.72,512.71,1721.01,48463.29
Maize,Chhattisgarh,23296.93,23296.93,23930.4,33508.6,39580.19,49158.38,49443.3925,737.56,737.56,757.62,1060.86,1253.08,1556.32,1565.24991,1721.774901,32018.04,6658.51,20,24.057,0,870.25,74.35,150,14.028,0,28.92,127.73,1215.45,6,2,26.15,38702.73,25169.8,9496.9,0,2999.99,337.47,0,0,0,0,698.57,10455.65,9578.2,0,1.25,242.73,633.47,49158.38
Maize,Gujarat,28608.32,28666.87,30116.43,35448.64,37298.72,42630.93,42630.93,1221.1,1223.55,1285.54,1513.4,1593.48,1821.34,1821.34,2003.47,22113.6,9521.98,28.08,172.88,27.59,629.58,27.01,83.38,23.78,65.48,26.41,86.08,1263.17,52,10,16.36,35613.5,16626.46,2325.29,6242.67,2341.15,5917.4,319.54,979.45,0,0,861.54,7017.43,5273.66,58.56,5.9,171.2,1508.11,42630.93
Maize,Himachal Pradesh,13795.72,13834.31,16650.44,24609.85,31196.17,39155.59,39155.59,513.71,515.03,618.45,913.36,1152.51,1447.43,1447.43,1592.17,26849.3,11384.12,26.3,63.83,43.7,288.37,22.15,69.93,17.52,96.6,52.02,49.61,1389.03,268.28,28,18.96,27770.69,15001.41,1098.93,3756.9,1838.96,5345.89,315.94,0.01,2.45,9.46,400.74,11384.9,7920.84,38.58,6.11,564.66,2854.71,39155.59
Maize,Jharkhand,33114.8,33114.8,33800.28,57374.24,42303.05,65877.02,65877.02,631.31,631.31,644.38,1093.8,806.48,1255.90,1255.90,1381.49,53385.37,18823.17,24.39,163.571,20,499.9,12.2,246.002,28.241,150,32.4,130.45,1259.23,2,1,38.78,41021.36,16194.85,1591.46,3230.24,6000,7619.4,0,5400,0,0,985.41,24855.66,23573.96,0,80,516.22,685.48,65877.02
Maize,Karnataka,30144,30144,32297.4,41479.89,38667.67,47850.16,51868.83,948.2,948.2,1014.32,1278.57,1174.95,1439.21,1559.89,1715.88,37629.63,3521.21,22.87,153.31,1.28,461.65,37.23,126.01,26.05,109.79,29.3,174.32,1191.63,120,23,30.45,36203.62,13524.03,6490.31,6766.29,2881.67,4134.38,74.34,1006.1,0,131,904.03,11646.54,9182.48,0,6.67,303.99,2153.4,47850.16
Maize,Madhya Pradesh,26788.19,26788.19,28900.86,37645.36,35001.97,43746.47,43838.736,702.4,702.4,756.58,982.73,915.41,1141.56,1143.893916,1258.283308,33814.99,7997.59,18.856,98.751,10.493,410.88,26.47,182.055,21.297,159.102,31.98,161.26,1097.59,32,10,30.88,32238.36829,13138.07,4268.07,5238.15,3432.74,3772.62,1490.66,0,98.44829,7.59,792.02,11508.1,8744.5,0,2.68,648.25,2112.67,43746.46829
Maize,Maharashtra,45740.84,45740.84,53625.61,67222.44,61154.23,74751.06,74751.06,588.17,588.17,688.46,863.64,785.74,960.92,960.92,1057.01,71564.61,10000.08,16.78,287.23,0.19,473.87,39.19,232.8,30.01,176.97,33.19,183.92,1056.88,60,18,68.06,52578.32,15728.68,7207.63,11603.24,3906.16,8652.44,48.03,1451.07,0,88.34,1365.13,22172.74,13596.84,0,22.74,668.38,7884.78,74751.06
Maize,Odisha,22547.89,24168.46,23301.79,36641.27,35339.87,48679.35,48679.35,581.34,619.84,601.14,939.78,915.02,1253.66,1253.66,1379.03,45490.2,1385.43,19.87,134.99,6.77,712.03,62.36,190.16,27.53,107.05,26.92,26.71,1170.69,88,15,37.71,34306.04,19166.89,1665.54,4126.77,3777.55,4441.53,140,272.1,0,40.89,674.77,14373.31,11718.9,1620.57,13.75,266.19,753.9,48679.35
Maize,Punjab,32686.29,37539.49,38274.4,57446.18,51547.4,70719.19,70719.19,734.42,842.33,859.33,1289.53,1154.55,1584.75,1584.75,1743.225,49650.19,5485,22.672,168.068,200.894,416.32,5.69,244.077,25.588,16.524,48.22,96.39,1187.25,17,5,40.09,45098.58,20076.56,548.23,7945.63,5533.75,7620.12,2093.48,261.72,0,54.69,964.4,25620.61,14318.59,4853.2,0,860.72,5588.1,70719.19
Maize,Rajasthan,16185.73,16185.73,19548.8,26197.05,38956.7,45604.96,46786.3591,563.48,563.48,676.28,903.44,1346.06,1573.22,1613.979035,1775.376939,30745.18,9136.35,28.896,87.598,1.271,568.79,15.21,64.32,23.63,69.607,39.21,140.59,1345.88,92,17,22.31,34922.51,22303.94,2138.45,5336.42,1858.54,2158.42,81.48,561.49,0,13.64,470.13,10682.45,6648.25,0,10.93,660.2,3363.07,45604.96
Maize,Tamil Nadu,47938.83,47938.83,69855.83,82799.07,83106.81,96050.07,96050.07,765.73,765.73,1114.12,1318.49,1320.26,1524.63,1524.63,1677.09,83154.76,5063.48,20.17,198.65,39.06,622.21,0.02,247.67,29.29,140.89,47.74,158.2,1328.63,67,20,59.52,60674.9,29704.8,2.89,8304.72,4996.41,11320.44,799.34,4010.36,0,87.8,1437.07,35375.17,12943.24,0,9.95,504.98,21917,96050.07
Maize,Uttar Pradesh,23521.07,23751.8,26598.14,37410.31,36613.74,47425.91,47425.91,769.18,779.94,882.97,1220.91,1206.94,1544.87,1544.87,1699.36,33386.84,6286.23,19.95,102.83,6.12,552.06,1.8,181.6,21.02,71.29,30.36,122.42,1168.48,103,20,26.02,32880.43,16762.1,220.43,6315.69,3623.68,2598.05,95.88,2562.83,0,8.91,692.86,14545.48,10581.44,230.72,3.24,653.01,3077.07,47425.91
Moong,Andhra Pradesh,14621.13,14621.13,15677.36,21170.28,20537.59,26030.51,26030.51,3444.3,3444.3,3902.82,4934.04,6084.78,7116.01,7116.01,7827.611,17997.17,312.56,22.845,16.405,4.973,206.12,3.1,80.088,43.027,100.002,47.66,116.39,3384.03,33,7,3.59,19368.00906,9824.59,360.53,2791.92,1829.59,1203.17,2690.42,2.61,0,3.87,439.62,6662.5,5492.92,0,0,113.36,1056.22,26030.50906
Moong,Bihar,10963.18,10963.18,12038.63,20775.24,15972.64,24709.25,25681.7176,2690.01,2690.01,2953.88,5097.56,3919.16,6062.84,6301.779647,6931.957612,32401.67,202.51,15.205,0,0,210.48,0,99.999,0,0,25,0,7997.5,4,1,4.05,14649.83,5261.95,0,7542.68,1520.48,0,0,0,0,0,324.72,10059.42,8736.61,0,46.18,201.18,1075.45,24709.25
Moong,Gujarat,16149.98,16421.58,17951.67,21811.09,25577.31,29436.72,29480.36,4530.38,4573.7,5077.79,5932.15,6987.25,7841.61,7853.33,8638.66,19415.1,2107.5,19.32,59.22,4.61,441.38,1.42,109.58,26.92,164.39,28.49,135.78,4612.04,27,19,3.39,23504.92,12575.41,192.66,4316.85,2116.66,2351.86,740.73,729.58,0,0,481.17,5931.8,3587.82,271.6,1.99,268.7,1801.69,29436.72
Moong,Karnataka,17873.93,17873.93,18687.08,25866.02,21975.6,29154.53,31535.82,2765.12,2765.12,2866.96,3939.46,3343.77,4416.27,4775.09,5252.59,32969.45,276.56,12.97,55.54,0,264.18,27.93,12.97,55.54,0,264.19,27.93,4656.85,22,6,6.55,21048.75,7657.55,3426.73,5389.65,951.67,1995.1,503.69,127.89,0,72.07,538.18,8105.78,7178.94,0,9.97,103.72,813.15,29154.53
Moong,Madhya Pradesh,14373.91,14373.91,15208.32,18819.31,18183.76,21794.75,21794.75,3733.91,3733.91,3950.66,4888.69,4723.59,5661.62,5661.62,6227.782,14722.92,734.38,20.625,32,0,216.96,10,139.636,34.336,0,28.79,37.5,4018.61,4,1,3.67,17136.42,6246.27,375,5092.7,2880,1098.75,1008.33,0,0,6.26,429.11,4658.33,3610.99,0,1.56,211.37,834.41,21794.75
Moong,Maharashtra,27000.71,27000.71,31750.87,36454.02,37218.49,41921.64,41921.64,4217.66,4217.66,4955.33,5664.67,5785.75,6495.09,6495.09,7144.6,27787.13,426.11,16.68,66.3,4.74,473.04,33.65,104.8,33.65,216.97,30.18,110.27,4336.5,71,26,6.36,31847.64,14274.1,3710.87,6437.15,1747.96,3258.73,963.98,115.79,5.95,73.32,799.39,10074,4703.15,0,26.22,594.47,4750.16,41921.64
Moong,Odisha,7022.52,7023.03,7717.65,12122.9,15894.18,20299.44,20299.44,1845.68,1845.8,2029.18,3171.2,4183.39,5325.42,5325.42,5857.96,16688.47,932.41,28.38,3.73,0,277.6,38.11,53.41,43.8,0,34.29,44.68,4200.32,247,34,3.61,14797.17,9519.39,1702.64,1601.73,1515.8,163.13,67.23,14.69,0,11.94,200.62,5502.27,4404.74,0.53,10.3,391.57,695.13,20299.44
Moong,Rajasthan,10251.22,10251.22,11244.27,14784.32,18803.04,22343.09,22482.3452,2205.76,2205.76,2437.06,3166.51,4046.03,4775.48,4802.91216,5283.203376,18636.16,2599.91,14.07,30.191,0,226.32,0,116.818,33.936,0,46.75,127.76,4319.97,126,27,4.11,17564.36,10579.26,0.6,3571.47,1643.64,1024.58,177.89,241.38,0,22.35,303.19,4778.73,3540.05,0,4,241.62,993.06,22343.09
Moong,Tamil Nadu,16405.52,16405.52,20278.33,27789.54,23537.61,31048.82,31048.82,3466.3,3466.3,4183.12,5686.91,4915.23,6419.02,6419.02,7060.92,22217.86,118.82,23.54,20.24,2.12,248.56,0,89.62,32.09,144.05,46.19,0,4572.18,31,7,4.81,19096,11480.56,0,2476.35,2109.75,955,1130.28,284.82,0,179.36,479.88,11952.82,7511.21,0,5.73,563.06,3872.82,31048.82
Moong,Uttar Pradesh,13503.4,13503.4,14470.09,20903.01,22282.98,28715.89,28715.89,2549.79,2549.79,2740.65,3887.68,4305.02,5452.05,5452.05,5997.26,24027.09,1517.32,18.55,3.7,0,349.73,15.65,66.99,17.39,0,32.36,110.5,4762.56,14,4,4.84,20954.05,11317.58,1728.96,5681.43,1242.64,64.31,502.08,0,0,18.84,398.21,7761.84,6432.92,0,8.63,353.6,966.69,28715.89
Moong,West Bengal,17463.66,17463.66,17919.47,25346.17,25491.03,32917.72,34384.31,2554.36,2554.36,2621.03,3707.31,3728.5,4814.79,5026.95,5529.64,29706.79,0,19.22,26.48,0,420.3,0,77.54,39.75,0,41.37,0,4079.43,10,2,6.84,24751.86,17388.07,0,3391.73,1490.44,1052.54,908.48,0,0,0,520.6,8165.86,7426.7,0,0,283.35,455.81,32917.72
Nigerseed,Odisha,8433.7,8433.7,9475.92,13386.82,18751.8,22662.69,22662.69,3008.99,3008.99,3381.73,4778.11,6744.59,8140.97,8140.97,8955.07,15643.6,0,11.39,0,2.05,339.59,78.06,59.35,0,99.99,33.55,44.51,5576.98,32,4,2.78,17276.06,11394.18,3474.72,1284.21,675.67,204.86,0,0,0,0,242.42,5386.63,3910.9,0,18.5,415,1042.23,22662.69
Paddy,Andhra Pradesh,46952.83,51048.31,49752.98,81447.46,59550.33,91244.81,91590.82,779.2,846.31,824.27,1354.83,976.71,1507.27,1513.29,1664.62,87489.61,4685.04,76.31,298.95,10.82,438.96,5.54,28.71,25,69.43,52.83,162.22,1566.56,425,54,57.38,56330.86,23188.58,897.93,10190.47,2190.58,8222.96,3645.33,1158.34,0,150.72,1410.09,34913.95,27599,4095.49,0,419.31,2800.15,91244.81
Paddy,Assam,26639.16,26929.39,28204.79,39029.63,41194.34,52019.18,52398.66,724.14,733.84,767.5,1063.66,1132.52,1428.68,1428.83,1571.71,41615.97,3699.91,56.55,24.01,3.88,531.14,84.22,21.19,30.79,162.98,36.21,130.29,1258.75,389,41,33.44,38984.03,19230.21,10972.84,4569.05,1198.25,1371.86,10.71,119.41,0,15.22,787.7,13035.15,10534.61,290.23,125.11,519.57,1565.63,52019.18
Paddy,Bihar,25457.62,25457.62,27180.25,39561.99,35325.41,47707.15,47707.15,661.2,661.2,708.27,1041.75,936.8,1270.28,1270.28,1397.308,39444.09,8294.4,46.854,106.612,1.882,587.61,0.02,40.479,28.559,100,32.35,117.65,1273.05,368,40,31.06,32988.32,19009.91,2.68,4295.02,1896.63,3232.88,37.69,3760.22,0,0.48,752.81,14718.83,12381.74,0,89.95,524.51,1722.63,47707.15
Paddy,Chhatisgarh,28394.53,28394.53,30651.95,42438.23,39480.47,51266.76,54340.3225,702.77,702.77,760.48,1053.74,979.49,1272.75,1348.927043,1483.819748,51790.14,8306.56,70.339,135.167,8.112,634.89,23.6,25.028,23.627,173.503,24.41,126.82,1472.8,148,15,34.72,36498.37201,15496.97,2993.31,7913.88,1760.47,4601.11,1074,1587.93,216.65201,15.58,838.47,14768.39,11786.29,0,2.81,721.86,2257.43,51266.76
Paddy,Gujarat,36236.07,36936.57,38780.03,51053.38,44891.33,57164.68,57164.68,707.7,722.15,759.14,996.29,878.8,1115.95,1115.95,1227.55,58817.05,16025.45,0,186.25,27.32,612.81,5.36,0,26.24,77.78,24.11,86.99,1567.96,149,18,40.17,42011.77,14774.39,466.29,5491.77,4541.02,7012.55,744.45,2270.2,0,0,1087.88,15152.91,11572.85,700.5,7.35,328.26,2543.95,57164.68
Paddy,Haryana,36261.68,36261.68,41900.56,74077.62,51698.92,83875.97,83875.97,628.66,628.66,726.66,1277.9,896.58,1447.82,1447.82,1592.6,122202.38,1421.63,0,226.74,0.6,439.92,0,0,21.13,32.75,46.73,0,2021.93,165,20,57.28,44997.4,20559.28,0,7210.67,1947.18,4810.74,3042.18,5716.03,0,37,1066.64,38878.1,32177.06,0,0,1062.16,5638.88,83875.5
Paddy,Himachal Pradesh,16588.61,16732.83,19330.87,32017.76,36172.63,48859.51,48859.51,438.77,441.57,514.63,875.03,1016.34,1376.74,1376.74,1514.41,46018.87,11980.85,27.5,50.92,21.35,343.55,18.78,73.7,19.49,99.36,56.04,51.92,1534.96,130,18,28.1,33051.14,19252.39,975.18,5823.55,2026.52,3113.2,966.66,397.62,0,4.84,491.18,15808.37,12542.67,144.22,8.43,370.79,2742.26,48859.51
Paddy,Jharkhand,28257.29,28257.29,31384.58,50527.11,43607.2,62749.73,62749.73,597.25,597.25,660.86,1059.64,916.07,1314.85,1314.85,1446.335,50429.61,12070.29,31.826,99.96,7.688,641.72,31.93,115.67,30.318,65.701,34.4,188.12,1334.76,150,15,38.67,39433.16,22076.02,6007.65,2745.45,3681.27,3535.66,0,560.9,0,1.66,824.55,23316.57,19142.53,0,97.49,949.25,3127.3,62749.73
Paddy,Karnataka,52945.92,52945.92,54623.67,70338.61,65048.44,80763.39,82739.12,1434.37,1434.37,1489.03,1863.78,1754.37,2129.12,2180.92,2399.02,68967.25,3773.47,57.42,383.14,0.3,797.86,44.06,53.85,26.72,214.55,35.52,147.5,1577.56,47,9,35.26,62812.91,28342.95,6498.44,9565.12,3091.96,10301.31,2571.34,657.75,0,196.53,1587.51,17950.48,15714.94,0,15.41,542.38,1677.75,80763.39
Paddy,Kerala,64844.87,64844.87,65601.97,85374.31,77305.25,97077.58,97077.58,1615.55,1615.55,1636.01,2122.51,1912.39,2398.89,2398.89,2638.779,71079.61,19846.04,93.23,116.877,12.535,537.37,0.03,28.031,29.258,297.484,91.79,302.05,2293.47,293,30,31.2,75969.94446,49325.79,8.79,12427.88,2613.33,7148.58,1085.07,16.71,21.76238,292.17,1947.46,21107.64,19772.33,0,183.85,394.35,757.11,97077.58446
Paddy,Madhya Pradesh,26168.73,26168.73,29213.99,38430.75,37078.1,46294.85,46570.4867,892.56,892.56,997.34,1311.67,1259.28,1573.61,1583.210955,1741.53205,40893.06,4290.14,70.098,128.267,11.893,479.89,30.05,34.007,24.068,156.227,28.46,87.23,1527.37,93,12,26.63,33397.9602,13655.57,2620.99,6426.26,2383.8,4945.14,1365.41,1066.01,158.6802,2.36,773.74,12896.89,9216.75,0,2.9,631.98,3045.26,46294.8502
Paddy,Maharashtra,61903.02,61903.02,69669.7,78585.21,78970.77,87886.29,88276.48,1934.89,1934.89,2196.05,2460.9,2467.72,2732.58,2744.54,3019,44049.21,9433.14,45.25,199.27,13.44,1122.63,75.61,55.56,29.32,207.11,28.58,93.45,1790.06,65,8,26.15,69689.88,32087.5,7065.45,10306.1,2513.77,8625.01,3076.61,359.06,0,3825.31,1829.95,18196.41,8915.51,0,31.56,1482.66,7766.68,87886.29
Paddy,Odisha,28795.64,28964.9,30080.87,43769.76,46414.75,60103.66,60103.66,665.9,670.16,695.53,1012.29,1077.26,1394.01,1394.01,1533.41,50285.95,3792.6,64.79,111.2,14.58,845.15,84.93,19.93,28.97,122.09,32.18,40.89,1253.49,450,45,40.08,44647.25,27198.31,3472.35,5982.73,1290.96,5001.18,572.8,192.35,20.89,57.71,857.97,15456.41,13519.64,169.26,19.58,462.7,1285.23,60103.66
Paddy,Punjab,31398.51,35850.89,34098.71,74764.12,40712.42,81377.82,81377.82,417.63,476.8,453.57,994.62,541.5,1082.54,1082.54,1190.794,123161.27,462.42,0,178.242,16.276,343.01,0.21,0,17.455,19.754,48.54,94.38,1645.9,259,28,74.9,37467.22,16649.46,19.61,7149.24,1625.67,3432.73,4146.26,3458.82,0,50.49,934.94,43910.6,36213.02,4452.38,0,545,2700.2,81377.82
Paddy,Tamil Nadu,50752.23,50819.39,56988.9,74625.98,66223.95,83861.03,83861.03,1009.8,1011.03,1135.57,1486.39,1320.59,1671.41,1671.41,1838.55,75165.51,6325.31,75.71,232.61,13.35,510.14,0.51,102.49,26.41,125.69,47.55,347.34,1639.24,369,47,46.21,59386.46,24254.93,176.6,11250.12,7759.21,7821.15,1374.54,4010.56,35.83,838.5,1519.72,24474.57,17569.92,67.16,8.87,591.95,6236.67,83861.03
Paddy,Uttar Pradesh,34648.37,34654.23,38615.62,51953.2,48044.06,61381.64,61514.66,884.57,881.76,981.48,1322.82,1221.47,1562.8,1175.92,1293.51,51363.58,3113.15,0,172.58,0.32,688.76,0.47,0,23.98,197.62,30.99,117.11,1445.55,520,62,37.06,43329.05,21342.52,55.38,5470.43,4371.56,4201.59,236.39,6614.6,0,3.72,1027.28,18052.58,13331.72,5.86,3.68,744.07,3967.25,61381.63
Paddy,Uttarakhand,24410.18,24410.18,25810.6,42899.31,39527.79,56616.5,56616.5,682.51,682.51,718.39,1216.87,1196.16,1694.63,1694.63,1863.99,52006.16,3881.24,0,116.53,0,430.29,41.6,0,21.02,0,38.98,100,1371.6,19,3,30.72,37897.45,20669.01,4159.24,3530.84,3693.96,2449.92,1054.86,1606.39,0,0,732.72,18719.05,17088.71,0,1.08,228.84,1400.42,56616.5
Paddy,West Bengal,39693.89,40241.81,40838.46,57211.39,61684.23,78057.17,78057.17,831.96,844.19,856.67,1198.7,1290.1,1632.12,1632.12,1795.33,59338.84,6869.16,54.34,172.62,11.67,945.75,16.67,41.28,29,93.79,39.36,79.3,1395.91,568,52,42.86,59867.23,37224.54,1321.65,4412.6,2243.39,6100.69,1169.64,1018.86,0,138.8,1182.45,18189.94,15825.02,547.91,12.2,660.25,1144.56,78057.17
Ragi,Karnataka,39413.54,39413.54,40519.78,51376.45,49342.06,60198.73,61775.72,1770.26,1770.26,1825.03,2317.04,2217.78,2709.79,2781.32,3059.45,37260,10210.12,23.3,106.58,11.1,596.46,44.75,34.42,29.78,200,43.34,132.53,2180.14,52,15,17.48,48060.48,25850.57,5929.94,8150.78,801.9,5393.81,0,619.55,0,124.91,1189.02,12138.25,10856.67,0,17.03,158.31,1106.24,60198.73
Ragi,Maharashtra,42972.47,42972.47,46670.43,54240.3,62946.28,70516.15,70516.15,2360.5,2360.5,2599.78,2997.9,3584.07,3982.18,3982.18,4380.4,43044.25,2365.9,6.39,102.72,47.88,1193.42,109.49,34.07,31.08,157.52,24.77,87.77,2016.36,14,3,16.69,58614.27,29566.25,9609.41,2735.91,217.65,10733.87,0,97.93,0,4370.29,1282.96,11901.88,7569.87,0,10.6,623.45,3697.96,70516.15
Ragi,Odisha,11184.95,11184.95,13234.25,16468.28,22281.5,25515.53,26058.03,1646.94,1646.94,1930.41,2400,3333.17,3802.76,3883.46,4271.81,12936.11,0,11.72,23.04,15.43,443.28,69.65,19.94,34.74,101.8,27.75,31.99,1862.79,53,7,6.71,19506.41,12299.32,2228.03,2046.71,233.72,2370.99,0,0,0,10.7,316.94,6009.12,3234.04,0,20.99,704.79,2049.3,25515.53
Ragi,Tamil Nadu,38043.82,38043.82,40339.67,51122.02,47531.75,58314.09,58314.09,3084.34,3084.34,3275.49,4170.34,3863.32,4758.17,4758.17,5233.99,30875.14,4657.7,23.92,157.64,33.01,602.86,0,53.73,26.31,114.81,41.17,0,2760.37,15,7,10.65,44282.59,24822.34,0,7647.97,1284.95,7937.03,596.78,830.39,0,39.2,1123.93,14031.5,10782.35,0,12.78,940.52,2295.85,58314.09
Ragi,Uttarakhand,13140.56,13140.56,15011.77,21676.33,40985.33,47650.09,47650.09,1127.46,1127.46,1288.01,1859.83,3516.56,4088.38,4088.38,4497.22,31380.52,3318.39,25.81,1.44,0,541.22,93.59,30,15.22,0,50,100.95,2941.97,17,2,10.54,37657.8,27059.51,9448.15,0,774.14,21.95,0,0,0,0,354.05,9992.29,6664.56,0,0,1456.51,1871.22,47650.09
Sesamum,Gujarat,29886.2,29927.66,33940.03,43998.19,42142.65,52200.81,52200.81,3732.77,3738.38,4192.85,5438.91,5234.02,6480.07,6480.07,7128.08,59233.55,854.59,4.89,125.74,34.01,516.12,5.15,221.93,27.52,131.91,34.42,127.21,7501.87,77,27,7.95,37742.12,17767.08,654.69,4551.19,1085.26,7945.29,996.56,3771.52,0,75.41,895.12,14458.69,10016.69,41.47,4.47,342.22,4053.84,52200.81
Sesamum,Karnataka,16200.64,16200.64,16257.13,17512.84,18069.53,19325.24,23325.31,13801.49,13801.49,13849.61,14919.37,15393.62,16463.37,19822.08,21804.29,4951.43,71.43,5.14,71.29,0,282.02,20,100,34.83,0,23.82,141.91,4253.15,2,1,1.16,17964.25,6716.69,2838.11,4842.86,514.29,2482.86,0,0,0,80,489.44,1360.99,1255.71,0,15.62,33.18,56.48,19325.24
Sesamum,Madhya Pradesh,16453.5,16453.5,18914.27,26270.78,27517.31,34873.83,34999.8113,2742.91,2742.91,3152.29,4355.02,4617.95,5820.69,5837.861621,6421.647783,32349.35,1827.15,5.988,50.525,7.609,349.41,17.91,249.057,26.21,199.994,38.57,140.2,5888.2,19,5,5.67,24419.68454,13476.55,2510.39,3323.21,1491.34,2846.03,223.82,0,67.09454,1.97,479.28,10454.15,7356.52,0,6.46,630.4,2460.77,34873.83454
Sesamum,Odisha,4079.43,4079.43,4663.85,7597.74,10402.82,13336.71,13336.71,1481.85,1481.85,1668.34,2687.64,3699.48,4718.79,4718.79,5190.67,11735.57,0,10.01,0,0,253.63,10.99,52.96,0,0,27.19,24.31,4017.6,17,6,2.83,9495.5,6896.06,267.09,1688.31,530.21,0,0,587.55,0,0,113.83,3841.21,2933.89,0,9.29,313.61,584.42,13336.71
Sesamum,Rajasthan,7574.61,7574.61,11061.07,13897.29,20038.4,22874.62,23722.338,2958.74,2958.74,4602.22,5702.08,8345.72,9445.59,9790.938879,10770.03277,16509.11,504.78,2.907,17.509,0,292.1,0,117.157,23.957,0,42.88,0,6167.03,30,10,2.35,16274.27,12524.62,0,2757.79,340.58,419.46,0,0,0,10.72,221.1,6600.35,2836.22,0,5.08,272.58,3486.47,22874.62
Sesamum,Tamil Nadu,28704.64,28704.64,35700.04,46060.37,44641.84,55002.17,55002.17,5217.74,5217.74,6460.47,8401,8053.03,9993.55,9993.55,10992.91,42974.09,355.4,5.66,56.44,13.11,477.19,0,151.3,29.06,196.8,49.02,0,7857.76,40,14,5.45,37139.6,23391.02,0,4604.17,856.91,4220.69,1330.29,1699.72,0,66.98,854.46,17862.57,10360.33,0,6.56,500.28,6995.4,55002.17
Sesamum,Uttar Pradesh,5665.88,5665.88,6608.71,13552.54,12840.82,19784.65,20897.87,2245.81,2245.81,2564.1,4813.12,4448.5,6697.51,7081.71,7789.88,20249.03,867.93,3.29,2.56,0,286.76,0,119.05,15.22,0,27.69,0,6432.83,31,11,2.83,11644.03,7939.79,0,3066.72,391.19,38.89,42.71,0,0,0.75,163.98,8140.62,6943.83,0,3.72,250.24,942.83,19784.65
Sesamum,West Bengal,28829.62,29046.68,29588.95,40566.74,43773.09,54750.89,54750.89,2579.97,2598.44,2651.64,3646.38,3914.38,4909.12,4909.12,5400.03,42278.94,1303.66,8,57.79,0,685.31,15.22,73.97,32.99,0,38.65,68.75,4032.92,51,10,10.83,42320.73,26485.32,1046.38,4145.5,591.42,1906.37,651.6,2668.6,0,4.85,852.61,12430.16,10760.74,217.05,6.93,686.12,759.32,54750.89
Soyabean,Andhra Pradesh,32267.91,32267.91,32757.74,47800.67,35378.15,50421.07,50421.07,1944.97,1944.97,1974.5,2881.22,2132.44,3039.17,3039.17,3343.087,50138.98,4.12,104.774,143.421,0.039,233.71,10.02,40.84,33.836,100.513,53.23,196.71,2885.05,25,6,16.59,34709.61,12439.68,1971.06,7530.35,4278.98,4856.76,2466.48,0,0,130.1,972.38,15711.46,15042.93,0,0,178.7,489.83,50421.07
Soyabean,Chhattisgarh,15141.22,15141.22,17534.53,21398.36,20218.09,24081.92,24886.585,2406.98,2406.98,2787.44,3401.67,3214.04,3828.27,3955.841143,4351.425257,14770.3,925.89,79.126,47.669,2.082,189.9,0.97,40.628,32.528,150.014,25.01,41.98,2498.07,14,3,5.92,17257.55,4749.91,40.72,5379.07,3214.76,1862.89,1029.42,258.63,280.52567,0,441.62,6824.37,3863.83,0,2.25,564.97,2393.32,24081.92
Soyabean,Karnataka,21869.83,21869.83,23094.11,28929.09,24548.12,30383.11,31901.82,2229.14,2229.14,2370.43,2977.58,2524.05,3131.21,3288.41,3617.26,23224.6,1121.71,78.9,69.82,3.22,177.1,19.33,35.72,38.08,118.45,29.42,132.14,2548.48,26,5,9.27,23212.2,5211.09,2554.9,7548.44,2818.11,3040,1205.31,0.18,0,174.84,659.33,7170.91,5834.99,0,6.51,105.13,1224.28,30383.11
Soyabean,Madhya Pradesh,21022.7,21022.7,23788.11,30255.56,28285.96,34753.4,34837.658,2011.39,2011.39,2266.89,2864.49,2701.37,3298.96,3305.354903,3635.890394,25291.04,1546.81,88.206,54.084,9.314,232.8,3.23,41.337,34.96,170.994,35.75,129.51,2477.8,260,33,9.9,24728.14401,8322.15,418.55,5909.48,3646.12,3483.39,2024.9,16.48,287.35401,6.69,613.03,10025.26,6467.44,0,4.27,788.13,2765.42,34753.40401
Soyabean,Maharashtra,32722.9,32722.9,36293.97,42220.35,40228.02,46154.4,46154.4,2507.76,2507.76,2774.18,3206.96,3062.45,3495.22,3495.22,3844.74,34818.2,732.96,74.9,85.89,1.45,375.29,53.52,55.48,35.01,214.33,32.23,97.52,2618.18,249,37,12.93,35940.8,12093.66,5219.92,6498.03,4155.84,3318,1748.98,183.92,149.4,103.62,969.89,10213.6,5926.38,0,27.32,688.83,3571.07,46154.4
Soyabean,Rajasthan,14767.84,14767.84,16500.85,22125.76,22441.8,28066.71,28066.71,1217.68,1217.68,1344.19,1781.79,1874.56,2312.15,2312.15,2543.365,31303.86,2438.85,114.734,21.404,0,216.26,1.65,35.769,32.523,0,34.05,251.78,2553.25,60,8,11.16,20294.32,7364.68,415.87,5827.54,4103.96,696.12,1442.59,0,0,8.62,434.94,7772.39,5624.91,0,6.89,407.58,1733.01,28066.71
Sunflower,Karnataka,17136.97,17136.97,18957.57,24955.18,22538.03,28535.64,31283.76,2081.9,2081.9,2290.62,3112.73,2709.07,3531.18,3872.56,4259.82,24852.35,1215.62,8.64,57.49,0.22,310.24,27.9,241.83,35.07,472.5,29.14,120.44,3275.68,22,8,7.69,20537.41,9041,3360.05,3079.21,2088.87,2121.17,169.57,103.98,0,59.72,513.84,7998.23,5997.6,0,5.92,174.11,1820.6,28535.64
Urad,Andhra Pradesh,21063.44,21133.52,22128.92,32555.79,24421.09,34847.96,35218.6321,2668.8,2675.9,2871.78,4114.04,3343.36,4585.62,4631.434982,5094.57848,34596.24,203.04,43.03,9.244,1.092,174.23,3.05,54.067,37.442,99.999,59.14,131.37,4084.85,57,12,7.54,23203.80264,10304.4,401.25,2236.02,2326.51,455.28,2256.67,196.17,0,99.62,633.67,11644.16,10356.79,70.07,0,151.81,1065.49,34847.96264
Urad,Chhatisgarh,18095.62,18095.62,19343.17,22587.61,29183.96,32428.4,33578.7725,5985.82,5985.82,6661.88,7416.95,9969.13,10724.20,11123.68985,12236.05883,12210.06,767.68,27.417,38.836,0,461.01,74.91,63.802,33.699,0,26.75,136,3034.88,15,4,2.83,27510.45,12334.17,10187.91,1040.62,1749.27,1308.72,354.33,0,0,0,535.43,4917.95,3244.43,0,1.5,424.46,1247.56,32428.4
Urad,Gujarat,18387.69,20676.27,19606.42,26953.12,26534.39,33881.1,33900.26,2405.77,2745.88,2554.4,3470.51,3353.88,4269.99,4272.53,4699.79,29475.46,3257.44,13.65,58.34,3.76,404.58,6.84,111.08,26.37,159.87,31.39,154.22,3972.54,55,15,7.18,25079.63,12700.84,1054.59,5675.8,1516.61,2138.82,1091.32,331.52,0,0,550.03,8801.47,5058.13,2288.57,4.27,231.78,1218.72,33881.1
Urad,Madhya Pradesh,14440.94,14440.94,16492.95,21293.16,21077.88,25878.09,25878.09,2279.15,2279.15,2606.54,3318.39,3252.92,3964.77,3964.77,4361.247,18669,1417.25,25.487,47.471,2.976,214.34,0.61,65.662,34.336,169.532,33.79,132.47,2966.23,134,26,6.07,18479.82664,7241.98,81.36,5554.68,1673.5,2134.55,1254.11,0.65,106.80664,11.14,421.05,7398.26,4800.21,0,3.61,542.43,2052.01,25878.08664
Urad,Maharashtra,25248.39,25248.39,26832.12,31900.99,33048.91,38117.78,38117.78,3747.79,3747.79,3987.53,4679.81,4949.42,5641.7,5641.7,6205.87,29994.58,412.55,17.63,80.35,0.74,425,36.59,93.78,36.05,160.22,30.46,99,4067.5,66,20,6.66,31133.89,12945.4,3622.06,7204.58,1652.88,3014.95,1302.85,568.29,2.35,65.48,755.05,6983.89,5068.87,0,27.23,304.06,1583.73,38117.78
Urad,Odisha,6355.52,6370.55,7065.89,11421.71,14659.32,19015.13,19015.13,1546.8,1554.05,1722.53,2788.51,3771.98,4837.97,4837.97,5321.77,16310.52,1052.59,27.03,13.88,0,277.63,17.61,54.3,25.81,0,34.18,41.88,4347.77,193,34,3.69,13565.72,9489.87,737.45,1088.51,1467.62,358.35,204.31,30.43,0,8.21,180.97,5449.41,4340.78,15.03,10.87,372.36,710.37,19015.13
Urad,Rajasthan,12604.39,12604.39,16199.08,20193.1,25501.24,29495.26,29510.5624,1953.17,1953.17,2455.42,3046.64,3890.98,4482.21,4481.883051,4930.071356,22340.16,1619.19,18.478,27.842,0,290.84,2.72,75.243,31.872,0,38.56,173.4,3639.52,60,15,6.1,21315.84,11214.03,471.29,5847.4,1390.36,887.37,1141.28,0,0,0.08,364.03,8179.42,3994.02,0,9.56,581.15,3594.69,29495.26
Urad,Tamil Nadu,25378.75,25436.76,34759.64,46603.5,40596.45,52440.32,52440.32,3044.95,3052.41,4200.26,5576.62,4926.56,6302.92,6302.92,6933.21,39200.27,840.82,20.92,58.88,4.77,310.65,0.18,119.14,35.16,150.24,49.04,107.87,4727.41,86,23,8.16,30593.83,15235.06,19.58,5623.42,2492.52,2786.35,1303.46,2320.65,0,48.56,750.2,21846.49,11785.86,58,8.74,613,9380.89,52440.32
Urad,Uttar Pradesh,9963.77,9963.77,11148.2,15582.91,16235.93,20670.64,20670.64,2712.61,2712.61,3031.05,4237.21,4614.48,5820.65,5820.65,6159.45,12955.93,776.19,15.85,4.3,0,266.78,2.26,71.23,4.02,0,30.03,141.37,3462.6,71,14,3.35,14852.55,8012.47,319.87,4351.91,1129.16,17.29,596.71,59.77,0,69.48,295.89,5818.09,4434.71,0,6.37,192.58,1184.43,20670.64
Barley,Himachal Pradesh,29066.99,29066.99,37744.55,41929.4,50546.83,54731.67,54731.67,2164.79,2164.79,2811.06,3122.73,3764.52,4076.19,4076.19,4483.81,12270.85,7303.95,114.76,7.9,52.6,268.81,61.16,15.25,12.97,89.88,47.63,298,1545.02,74,13,8.42,40229.1,12802.28,18224.95,1788.07,1750.06,4829.88,0,0,0,2.75,831.11,14502.57,4184.84,0,12.15,1628.02,8677.56,54731.67
Barley,Rajasthan,26034.08,26034.08,33268.25,43727.32,52051.08,62510.16,63548.85,572.87,572.87,732.06,962.21,1145.37,1375.52,1398.33,1538.16,46401.01,16340.87,130.52,95.1,27.12,452.83,1.77,20.31,25.68,98.21,49.96,137.58,1288.95,69,22,33.61,43938.19,22621.68,243.83,6259.55,2650.45,5105.04,149.67,6133.25,0,12.45,762.27,18571.97,10459.07,0,11.32,867.41,7234.17,62510.16
Barley,Uttar Pradesh,25292.98,25469.98,31456.5,48479.6,38821.86,55844.96,55844.96,649.23,653.77,807.44,1244.39,996.49,1433.45,1433.45,1576.795,45766.06,11237.06,127.83,126.78,0,420.43,1.27,19.28,24.58,0,30.79,101.4,1512.64,37,18,31.28,31701.43,12943.31,128.3,7757.89,2463.97,3115.97,98.87,4455.65,0,0,737.47,24143.53,16846.21,177,8.93,947.87,6163.52,55844.96
Gram,Andhra Pradesh,31769.2,32445.43,33901.62,51041.57,36407.07,53547.02,53580.89,4138.46,4226.55,4416.24,6649,4742.61,6975.37,6977.44,7675.19,54313.36,565.71,93.06,115.93,0.63,193.07,3.51,73.41,34.93,166.12,49.18,111.18,4166.39,45,10,7.6,33783.36,9496.07,390.63,8724.96,6831.23,4153.89,2945.67,217.38,0,75.73,947.8,19763.66,16463.72,676.22,0,491.3,2132.42,53547.02
Gram,Bihar,17624.82,17624.82,22091.71,36437.9,27657.21,42003.4,42003.4,890.16,890.16,1115.77,1840.34,1396.86,2121.44,2121.44,2333.58,62988.09,2269.53,60.57,63.66,1.87,316.58,0,59.19,42.08,100,34.13,0,4171.33,59,9,19.11,22124.35,10804.08,0,4071.73,3584.93,2865.93,180.39,115.38,0,0.13,501.78,19879.05,14346.18,0,91.98,974,4466.89,42003.4
Gram,Chhatisgarh,21483.56,21483.56,24779.58,31587.62,29656,36464.04,37144.07,1871.26,1871.26,2158.35,2751.35,2583.1,3176.09,3234.57,3558.03,35442.2,2034.71,83.95,49.96,0,280.32,1.98,57.97,34.21,0,26.82,182.7,3363.08,21,5,10.86,25359.84,7519.33,361.75,6631.48,4866.67,1709.19,904.4,2500.32,246,0,620.7,11104.2,6808.04,0,1.34,998.79,3296.03,36464.04
Gram,Gujarat,22648.54,23274.63,27713.54,35294.7,34053.47,41634.63,41634.63,1326.53,1363.2,1623.19,2067.22,1994.52,2438.55,2438.55,2682.41,41438.43,1890.45,56.06,62.35,0,420.06,12.96,61.33,30.34,0,29.58,151.74,3505.65,85,26,16.33,28714.46,12427.38,1967.31,3042.3,3437.96,1891.5,2162.08,3107.93,0,0,678,12920.17,6955.07,626.09,3.81,270.2,5065,41634.63
Gram,Haryana,15469.69,15469.69,20599.04,38075.3,27717.21,45193.48,45196.09,1170.47,1170.47,1558.57,2880.87,2097.15,3419.45,3519.94,3871.94,52208.95,1536.7,39.77,0,0,212.13,0,56.91,0,0,60.9,0,4141.37,6,2,12.84,22094.59,12918.23,0,6337.15,2263.28,0,0,122.1,0,0,453.83,23098.89,17476.27,0,0,493.28,5129.34,45193.48
Gram,Jharkhand,6085.45,6085.45,9098.05,21960.55,14711.58,27574.08,27574.08,620.96,620.96,928.37,2240.87,1501.18,2813.68,2813.68,3095.048,33750,3000,50,0,0,271.47,0,60,0,0,28.05,0,4500,1,1,9,10769.78,7613.53,0,0,3000,0,0,0,0,0,156.25,16804.3,12862.5,0,53.33,875.87,3012.6,27574.08
Gram,Karnataka,22500.59,22500.59,25210.03,35784.13,27870.38,38444.48,40852.39,2052.63,2052.63,2299.8,3264.42,2542.49,3507.11,3725.81,4098.391,39841.73,3626.24,62.61,58.2,0.06,231.14,20.69,56.79,39.7,150.22,27.58,260.05,3723.62,78,22,10.05,24645.34,6375.41,5379.18,5064.22,3555.64,2319.47,1158.36,30.85,0,96.01,666.2,13799.14,10574.1,0,7.3,508.3,2709.44,38444.48
Gram,Madhya Pradesh,22938.76,22938.76,27161.81,37516.61,31712.79,42067.59,42268.58,1588.77,1588.77,1881.27,2598.45,2196.47,2913.66,2927.8,3220.58,47310.73,2985.52,96.22,47.11,0,282.25,5.36,58.6,34.28,0,31.7,68.26,3637.36,204,38,13.58,26543.6,8946.73,365.76,5331.86,5638.63,1615,1292.02,2458.61,141.38,87.18,666.43,15523.99,10354.8,0,4.2,941.94,4223.05,42067.59
Gram,Maharashtra,34054.62,34054.62,40663.89,49932.83,44805.46,54074.4,54074.4,2554.36,2554.36,3050.1,3745.34,3360.75,4055.99,4055.99,4461.59,54029.21,1573.31,82.28,124.44,0.25,362.98,25.99,70.28,28.84,399.48,34.11,121.8,3711.39,187,44,12.95,37513.67,12380.6,3165.45,7355.45,5782.31,3691.02,1973.73,2099.51,0,54.34,1011.26,16560.73,9268.94,0,16.76,665.76,6609.27,54074.4
Gram,Punjab,25776.67,25776.67,30778.63,51750,42781.36,63753.63,63753.63,3342.77,3342.77,3991.44,6711.17,5547.98,8267.7,8267.7,9094.47,62769.23,153.85,30.77,24.62,0,524.38,0,97.5,33.75,0,48.47,0,6716.68,2,2,7.69,36785.71,25417.34,0,6267.38,3000,830.77,519.24,0,0,0,750.98,26967.92,20972.27,0,0,993.69,5001.96,63753.63
Gram,Rajasthan,18112.01,18112.01,24724.91,31192.52,35120.69,41588.31,42196.04,1348.75,1348.75,1841.19,2322.81,2615.33,3096.95,3142.96,3457.26,35834.21,2963.73,59,33.55,0,287.5,0.32,56.44,31.12,0,49.22,133.13,3739.07,93,26,12.4,27854.92,14149.65,43.14,4904.93,3329.71,1044.08,342.76,3506.32,0,5.28,529.05,13733.39,6467.62,0,5.31,647.57,6612.89,41588.31
Gram,Uttar Pradesh,22300.98,22300.98,27332.11,37866.63,34143.39,44677.9,45512.39,2493.77,2493.77,3056.37,4234.37,3818.03,4996.03,5086.37,5595.01,32333.43,1986.45,86.28,21.57,0,301.19,1.75,63.43,33.09,0,36.77,309.72,4115.21,66,15,8.43,28254.44,11075.49,542.75,6987.88,5473.11,713.85,571.3,2227.29,0,12.99,649.78,16423.46,10534.52,0,9.32,848.5,5031.12,44677.9
Gram,West Bengal,30853.83,30853.83,32819.85,39157.91,44410.67,50748.73,50971.98,4133.81,4133.81,4397.21,5246.39,5950.16,6799.33,6831.81,7514.99,24703.29,648.96,64.4,73.07,0,601.38,70.64,66.65,38.46,0,39.07,30.21,3591.04,8,4,7.27,41940.87,23495.18,2134.37,7443.7,4291.96,2809.99,649.2,196.78,0,0,919.69,8807.86,6338.06,0,2.57,501.21,1966.02,50748.73
Lentil,Bihar,12706.88,12706.88,15184.52,26492.72,18451.81,29760.01,29760.01,1119.53,1119.53,1337.82,2334.12,1625.68,2621.98,2621.98,2884.18,37100.17,1544.38,29.1,50.05,0.48,222.26,0.65,52.42,38.48,100.04,32.95,160,3586.12,94,17,10.9,15346.47,7322.7,104.71,3954.54,1525.11,1974,67.1,32.28,0,0,366.03,14413.54,11308.2,0,102.54,525.16,2477.64,29760.01
Lentil,Madhya Pradesh,16583.64,16583.64,19114.98,26908.8,22949.43,30743.25,31052.58,1476.11,1476.11,1701.43,2395.16,2042.73,2736.46,2764.72,3041.19,35492.16,2401.25,48.38,29.96,0,257.9,14.96,42.41,34.12,0,30.54,85.66,3120.06,41,14,10.52,19628.16,7876.42,1281.27,4423.87,2051.57,1022.46,311.23,2067.93,44.8,70.03,478.58,11115.09,7793.82,0,3.16,786.78,2531.33,30743.25
Lentil,Punjab,17277.85,17277.85,20689.42,41187.42,40269.82,60767.82,60767.82,1685.64,1685.64,2018.48,4018.28,3928.76,5928.57,5928.57,6521.427,60000,1500,50,76.8,0,420,0,80,33.854,0,46.62,0,6000,1,1,10,35825.25,19580.4,0,9152.6,4000,2600,0,0,0,0,492.25,24942.57,20498,0,0,1033,3411.57,60767.82
Lentil,Uttar Pradesh,17192.18,17192.18,21479.46,31871.13,27552.43,37944.09,39773.41,2193.24,2193.24,2740.17,4065.86,3514.91,4840.6,5076.18,5583.8,30018.68,1468,54.07,35.64,0,309.26,0,67.34,33.62,0,30.88,0,3537.04,39,14,7.47,22414.4,9548.36,0,5252.8,3641.13,1197.93,62.61,2212.5,0,3.88,495.19,15529.69,10391.67,0,10.53,840.2,4287.29,37944.09
Lentil,West Bengal,21139.25,21299.4,21813.75,34792.4,28584.11,41562.76,41562.76,1360.35,1370.66,1403.76,2238.96,1839.44,2674.64,2674.64,2942.1,50939.63,1396.15,43.41,39.21,1.77,495.59,7.28,78.05,36.4,81.76,32.92,67.12,3573.51,39,12,15.13,27518.5,16314.82,488.39,4990.85,3388.33,1572.41,120.27,11.63,0,3.08,628.72,14044.26,12818.5,160.15,3.72,387.38,674.51,41562.76
R&M,Assam,17637.68,17637.68,20489.62,26992.43,29324.3,35827.1,35827.1,1719.01,1719.01,1996.97,2630.75,2858.02,3491.8,3491.8,3840.98,32317.75,114.35,11.81,116.88,4.08,358.48,46.03,43.74,17.26,176.34,35.19,74.08,3322.18,112,27,10.22,25816.13,12613.47,3410.18,5800.2,516.57,2735.66,100.36,100.94,0,24.17,514.58,10010.97,6502.81,0,93.57,562.65,2851.94,35827.1
R&M,Bihar,18077.04,18077.04,19850.77,33121.98,24736.07,38007.28,38007.28,1364.39,1364.39,1498.26,2499.92,1866.99,2868.65,2868.65,3155.52,41750.65,1694.44,5.81,104.58,2.22,349.76,0,247.7,29.66,107.37,32.05,0,3321.7,142,28,12.73,22276.3,11209.97,0,3621.54,1438.54,3340.84,23.84,2113.88,0,0.7,526.99,15730.98,13271.21,0,130.38,555.67,1773.72,38007.28
R&M,Chhattisgarh,12827.4,12827.4,18741.56,25319.92,20656.72,27235.09,27715.4,1719.89,1719.89,2512.86,3394.88,2769.64,3651.67,3716.31,4087.94,29404.31,1095.06,6.68,83.09,0,254.31,0,80,25.14,0,27.36,0,3998.41,3,1,7.19,14167.16,6958.26,0,4214.2,534.35,2089.1,0,0,0,0,371.25,13067.93,6578.37,0,3.7,571.71,5914.15,27235.09
R&M,Gujarat,25191.23,25636.89,33039.48,42710.31,39415.92,49086.76,49518.8,1486.61,1512.91,1949.76,2520.47,2326.05,2896.76,2922.68,3214.95,53588.15,2840.7,5.68,161.87,1.97,367,2.19,195.93,23.99,95.67,32.1,120.9,3378.69,52,9,16.09,31251.73,11781.72,265.22,5426.34,1112.77,4071.39,684.68,7155.83,0,0,753.78,17835.03,9225.18,445.65,2.93,313.03,7848.24,49086.76
R&M,Haryana,19296.85,19296.85,28996.14,50653.93,35646.06,57303.84,57376.23,844.89,844.89,1269.56,2217.83,1560.72,2508.99,2513.3,2764.63,74947.54,4733.84,3.42,142.66,0,206.8,0.06,295.84,21.65,0,52.04,203.31,3546.71,90,15,21.48,24452.1,10761.86,11.87,6487.03,1012.73,3088.76,173.45,2376.95,0,0,539.45,32851.74,21657.78,0,0,1494.67,9699.29,57303.84
R&M,Madhya Pradesh,18236.41,18236.41,28094.73,41076.68,35334.41,48316.36,48316.36,926.55,926.55,1427.43,2087.01,1795.26,2454.85,2454.85,2700.34,59992.69,4992,6.7,101.82,0,263.09,0,181.03,25.97,0,39.58,0,3283.95,31,8,18.17,24378.81,10413.58,0,6815.3,1212.45,2644.45,475.95,2246.61,51.12,0,519.35,23937.55,12981.95,0,7.14,1090.14,9858.32,48316.36
R&M,Odisha,6603.11,6603.11,8671.05,12769.61,15689.91,19788.48,19788.48,1588.39,1588.39,2085.84,3071.76,3774.25,4760.16,4760.16,5236.18,16394.26,0,9.17,22.3,1.77,328.65,56.45,49.87,34.05,74.36,26.52,27.89,4267.77,53,13,4.16,12937.96,8714.59,1574.16,612.65,457.25,890.75,146.68,344.63,0,17.9,179.35,6850.52,4098.56,0,9.72,674.3,2067.94,19788.48
R&M,Punjab,20606.82,22044.49,26656.97,45905.12,32950.18,52198.32,52198.32,1340.74,1434.28,1734.39,2986.73,2143.84,3396.19,3396.19,3735.81,55089.16,1102.52,2.86,153.08,0,285.39,0.04,458.79,22.09,0,46.3,103.35,3432.3,35,15,15.07,25705.37,13213.09,3.88,5119.48,1311.72,3381.13,1294.4,793.44,0,0,588.23,26492.95,17810.47,1437.67,0,1194.66,6050.15,52198.32
R&M,Rajasthan,21746.68,21746.68,27498.43,39700.22,40510.02,52711.81,52711.81,1011.6,1011.6,1279.15,1846.75,1884.42,2452.02,2452.02,2697.22,69811.28,3384.84,5.48,111.64,4.75,364.86,0.07,274.28,24.08,100,45.92,141.18,3544.52,195,38,20.5,33726.75,16756.07,10.28,6796.89,1502.87,3163.13,75.14,4791.26,0,3.39,627.72,18985.06,12201.79,0,11.16,1020.36,5751.75,52711.81
R&M,Uttar Pradesh,22343.44,24344.87,25047.53,44807.87,32566.97,52327.3,52327.3,1179.75,1411.79,1452.54,2598.47,1888.61,3034.54,3034.54,3337.994,52550.74,3852.47,4.69,112.95,1.12,401.77,0.45,185.57,25.01,102.31,30.34,118.56,3309.11,158,43,16.07,26967.01,12190.52,53.06,6909,869.62,2938.62,17.57,3395.22,0,4.09,589.31,25360.29,15758.9,4001.43,12.75,883.11,4704.1,52327.3
R&M,West Bengal,19894.52,20061.77,21788.54,33129.36,34800.64,46141.46,46141.46,1449.97,1462.16,1588.01,2414.56,2536.37,3362.92,3362.92,3699.21,43176.3,2339.95,7.85,157.92,1.23,508.18,8.51,79.77,27.71,171.88,38.44,69.05,3444.29,196,30,13.02,32605.45,19532.78,587.9,3884.21,625.95,4587.61,285.84,2470.73,0,36.7,593.73,13536.01,11173.56,167.25,8.77,292.41,1894.02,46141.46
Saffflower ,Karnataka,17448.86,17448.86,32740.72,39834.85,34513.83,41607.95,41614.15,1695,1695,3180.47,3869.6,3352.71,4041.84,4042.8,4447.08,29465.78,2393.81,7.13,41.82,0,246.01,8.27,187.33,37.34,0,27.94,101.4,3136.16,5,3,9.52,16718.07,6872.52,838.7,4816.66,1334.72,1561.22,794.98,0,0,46.41,452.86,24889.88,7094.13,0,9.68,2494.2,15291.87,41607.95
Saffflower ,Maharashtra,24064.82,24064.82,26796.35,21010.99,31930.16,36144.81,39225.38,3389.2,3389.2,3773.89,4367.47,4496.92,5090.49,5524.35,6076.78,24925.09,357.68,11.46,46.74,0,476.95,75.32,113.72,34.38,0,25.24,108.05,3180.66,2,2,7,28866.05,12038.75,8138.65,4358.65,1303.37,1606.74,594.57,0,0,106.18,719.14,7278.76,4214.65,0,15.68,316.9,2731.53,36144.81
Wheat,Bihar,24806.57,24806.57,28620.95,43398.49,34878.65,49656.19,49656.19,636.74,636.74,734.65,1113.96,895.27,1274.59,1274.59,1402.05,46333.96,12120.05,112.94,142.78,0.1,347.66,0.07,29.35,29.68,77.6,32.49,160.7,1493.81,436,44,30.88,30087.3,11294.17,10.64,6328.53,3314.35,4245.22,60.59,4110.2,0,1.5,722.1,19568.89,14777.54,0,115.66,861.31,3814.38,49656.19
Wheat,Chhattisgarh,19449.81,19449.81,28674.07,35057.99,34405.4,40789.32,41516.44,1008.43,1008.43,1486.69,1817.68,1783.84,2114.84,2152.27,2367.5,27480.75,4529.71,111.82,81.27,0,287.09,14.45,22.74,26.67,0,26.72,167.26,1591.38,21,8,16.56,23741.78,7670.26,2416.45,4954.66,2542.55,2167.27,200.06,2982.45,262.32,0,545.76,17047.54,6383.92,0,1.2,1438.15,9224.27,40789.32
Wheat,Gujarat,25343.48,26394.64,28825.11,38722.65,34729.06,44626.6,44626.6,771.39,803.38,877.36,1178.61,1057.06,1358.31,1358.31,1494.14,50638.05,6026.78,156.05,176.68,1.7,355.02,3.06,25.22,22.62,122.1,28.25,129.29,1702.4,257,51,29.36,30902.18,10027.89,395.49,6117.62,3935.11,4204.01,388.77,5072.42,0,3.36,757.51,13724.42,8846.37,1051.16,7.97,337.29,3481.63,44626.6
Wheat,Haryana,29027.99,29027.99,38225.13,65310.97,45376.97,72462.81,73032.19,537.37,537.37,707.63,1209.05,840.03,1341.44,1351.87,1487.06,82838.99,12642.38,110.66,226.85,0,199.31,0,23.42,19.37,0,50.3,0,1732.7,299,30,46.87,34168.78,10025.94,0,10178.78,2591.54,4395.1,1532.73,4609.82,0,16.18,818.69,38294.03,27085.85,0,0,2011.05,9197.13,72462.81
Wheat,Himachal Pradesh,20367.76,20577.87,26693.33,36658.44,37497.07,47462.18,47462.18,760.84,768.69,997.17,1369.39,1400.72,1772.97,1772.97,1950.27,32543.68,12221.89,119.05,76.2,37.47,212.13,15.24,17.03,21,95.59,52.67,213.84,1664.25,291,30,19.46,30038.19,11172.48,3259.42,7012.99,2027.59,5181.93,195.61,588.33,1.52,15.47,582.85,17423.99,9755,210.11,9.67,1123.64,6325.57,47462.18
Wheat,Jharkhand,22871.92,22871.92,28155.02,43469.38,39165.73,54480.08,54868.36,752,752,925.7,1429.22,1287.72,1791.24,1804.31,1984.74,38968.73,8584.36,76.08,88.77,6.7,396.83,14.92,43.18,27.76,72.95,39.45,191.66,1590,30,7,24.92,32987.82,15655.56,2860.45,3271.5,3285.22,2952.64,0,4295.57,0,0.92,665.96,21492.26,15314.35,0,52.52,842.28,5283.11,54480.08
Wheat,Karnataka,22074.46,22074.46,25199.39,32611.1,27828.48,35240.2,35240.2,1399.37,1399.37,1597.46,2067.32,1764.13,2233.98,2233.98,2457.378,23861.04,6430.82,74.49,89.08,0,212.94,17.1,34.7,47.43,0,26.68,242.76,2022.86,50.15,15,12.43,24026.84,5680.63,4150.16,6432.5,2584.89,4225.15,8.44,225.89,0,70.77,648.41,11213.36,7411.72,0,8.99,667.73,3124.92,35240.2
Wheat,Madhya Pradesh,25081.63,25081.63,29916.15,42894.9,36599.21,49577.96,49577.96,561.49,561.49,669.72,960.27,819.33,1109.88,1109.88,1220.87,60650.78,9849.64,118.22,128.08,0,285.08,4.59,24.79,23.24,0,35.67,114.67,1636.61,314,43,38.43,30748.68,10169.6,526.47,7821.21,2930.67,2976.26,91.55,5264.75,229.62,9.3,729.25,18829.28,12978.75,0,4.27,1011.74,4834.52,49577.96
Wheat,Maharashtra,32127.27,32127.27,41148.8,48566.89,48559.26,55977.34,55997.44,1328.34,1328.34,1701.35,2008.06,2007.75,2314.46,2315.76,2547.34,43154.33,1345.27,126.61,173.93,0,371.09,16.21,29.86,24.43,0,31.65,138.79,1760.73,129,44,23.45,38830.47,11743.45,2250.11,8872.09,3779.95,4248.71,385.09,6547.2,0,51.75,952.12,17146.87,7418.08,0,19.88,687.37,9021.54,55977.34
Wheat,Punjab,24626.39,29547.2,29396.96,62762.33,32327.17,65692.55,65881.36,438.39,525.99,523.31,1117.27,575.47,1169.43,1172.86,1290.14,87916.39,8461.55,112.86,253.61,2.08,110.43,0.22,22.6,20.74,22.34,48.83,126.79,1734.85,299,30,51.24,26513.44,5392.32,28.29,9952.82,2550.81,5306.16,1841.49,660.65,0,66.27,714.63,39179.11,28444.57,4920.81,0,1043.16,4770.57,65692.55
Wheat,Rajasthan,28083.42,28090.94,36504.64,50481.2,55396.04,69372.61,69372.61,552.2,552.35,717.78,992.6,1089.2,1364.06,1364.06,1500.47,66367.98,17429.57,155.52,135.02,7.24,530.67,2.29,24.35,22.79,71.84,44.12,256.62,1684.84,392,48,40.28,45911.72,23410.57,587.55,7109.33,3787.12,3597.23,172.93,6417.77,0,10.44,818.78,23460.89,13969.05,7.52,10.45,1052.66,8421.21,69372.61
Wheat,Uttar Pradesh,31243.77,31834.87,36870.49,55255.36,44086.28,62471.16,63368.06,732.31,746.17,864.19,1295.11,1033.32,1464.24,1485.05,1633.56,57978.08,12464.82,133.32,173.87,0.08,381.18,0.22,24.71,24.22,144.73,32.39,128.19,1610.7,677,71,35.12,37340.25,12345.64,28.27,8603.1,3294.76,4222.46,112.92,7820.03,0,0.22,912.85,25130.91,17793.78,591.1,3.63,1115.69,5626.71,62471.16
Wheat,Uttarakhand,28508.21,28508.21,31992.69,48725.88,40925.67,57658.87,58426.32,708.13,708.13,794.68,1210.33,1016.58,1432.22,1451.22,1596.342,46145.83,5332.08,131.4,140.84,0,278.41,91.62,22.19,24.57,0,46.4,100.92,1640.56,40,4,36.09,35866.72,12919.68,9246.03,5054.48,2916.11,3460.09,223.91,1230.26,0,0,816.16,21792.15,16733.19,0,2.15,1572.33,3484.48,57658.87
Wheat,West Bengal,25416.44,25416.44,25667.05,36560.44,36886.5,47779.89,48035.87,819.89,819.89,827.97,1179.37,1189.89,1541.29,1549.54,1704.5,43573.54,0,115.39,166.67,18.03,359.82,0,40,33.67,71.54,33.38,0,1425.19,6,2,31,36272.41,12010.28,0,8754.73,4615.38,6902.09,0,3230.77,0,0,759.16,11507.48,10893.39,0,30.97,332.51,250.61,47779.89
Jute,Assam,34628.34,34628.34,38677.98,50665.84,66658.77,78646.63,78646.63,1574.34,1574.34,1758.45,2303.46,3030.56,3575.58,3575.58,3933.14,55466.37,6239.02,9.23,87.13,2.97,1349.79,50.13,186.55,28.05,170.02,33.79,74.81,2936.17,64,9,19.77,61467.14,45604.33,3749.86,6245.09,1721.29,2948.49,143.92,0,0,39.44,1014.72,17179.49,11987.86,0,114.58,1027.41,4049.64,78646.63
Jute,Bihar,23133.32,23133.32,35575.07,46369.04,42553.42,53347.39,53718.86,1081.23,1081.23,1662.75,2167.25,1988.91,2493.41,2510.59,2761.65,47435.29,3619.38,5.95,115.1,0,823.29,0,323.23,30.17,0,27.34,0,2391.36,6,1,19.88,29470.52,22507.76,0,885.34,1923.88,3471.97,0,0,0,0,681.57,23876.87,10793.97,0,119.76,521.39,12441.75,53347.39
Jute,West Bengal,52234.88,53559.39,53768.26,78154.62,74933.15,99319.52,99319.52,1697.29,1740.33,1747.12,2539.52,2434.84,3227.24,3227.24,3549.96,94433.25,7271.83,7.45,168.19,2.51,1470.97,13.84,149.43,30.41,94.79,38.88,70.22,3144.73,128,19,28.57,72966.91,57187.89,971.66,4484.75,1113.3,5352.02,632.63,1644.21,0,10.7,1569.75,26352.61,23061.84,1324.51,5.05,427.82,1533.39,99319.52
Onion,Andhra Pradesh,125753.47,125753.47,126825.07,150049.65,143822.41,167046.99,168475.6863,487.32,487.32,491.47,581.47,557.34,647.34,652.8800089,718.1680098,77415.25,0,119.492,292.458,0,1387.79,55.93,250.354,35.832,0,45.94,222.3,300.01,2,1,258.05,142575.07,63755.8,12433.45,1322.03,29915.25,10479.23,11635.59,5075.8,0,0,3805.37,24471.92,23224.58,0,0,175.73,1071.61,167046.99
Onion,Gujarat,77802.71,80045.46,79791.23,113927.63,86897.82,121034.22,121034.22,390.79,400.07,408.25,556.84,462.9,611.5,611.5,672.65,188839.29,2484.36,0,186.71,3.98,1426.65,6.19,0,21.99,106.86,27.7,140.1,990.6,33,12,195.38,84689.06,39512.34,867.16,3316.76,29200.19,4529.81,1912.09,2863.3,0,0,2350.97,36345.16,31893.65,2242.75,3.41,216.83,1988.52,121034.22
Onion,Karnataka,45178.72,45178.72,47489.5,66958.85,63853.22,83322.56,94308.91,750.57,750.57,800.07,1100.86,1075.65,1376.44,1557.96,1713.76,92847.23,1185.67,8.89,158.58,0.41,1218.4,23.69,626.25,29.48,492.77,28.98,126.8,1183.78,26,10,59.65,61347.71,35312.85,3003.96,6190.26,5564.94,4873.48,1710.02,1327.45,0,1715.95,1363.14,21974.85,19469.34,0,10.01,184.72,2310.78,83322.56
Onion,Madhya Pradesh,55451.11,55451.11,61155.94,93552,78325.74,110721.8,110721.8,204.4,204.4,225.5,345.53,289.62,409.66,409.66,450.626,194337.5,0,9.989,352.029,0,1096.8,0,1232.408,28.726,0,32.37,0,716.74,10,2,270.28,71647,35508.26,0,4443.67,12309.94,10112.26,1517.86,6104.21,0,0,1650.8,39074.8,32396.07,0,7.07,966.84,5704.82,110721.8
Onion,Maharashtra,105792.82,105792.82,115985.97,162596.97,132072.16,178683.16,179153.75,416.95,416.95,455.95,634.59,518.38,697.01,698.86,768.74,277362.22,2247.85,0,448.08,4.63,946.06,21.19,0,34.31,128.17,38.32,130.36,1012.96,75,18,254.37,120854.52,36255.46,2761.68,10842.45,22885.14,15967.39,5956.11,7434.29,0,229.18,3174.78,57828.64,46611,0,18.85,1005.64,10193.15,178683.16
Onion,Rajasthan,71686.41,71686.41,74594.71,103721.22,105283.06,134409.57,134409.57,411.51,411.51,426,572.65,568.5,715.15,715.15,786.665,174120.78,603.31,0,68.742,92.062,1099.11,0,0,29.156,105.824,46.72,0,1792.48,28,9,187.05,102147.64,51351.43,0,2834.65,22298.48,11746.52,782.97,10945.07,0,23.1,2165.42,32261.93,29126.51,0,7.6,219.52,2908.3,134409.57
Potato,Assam,60237.33,60254.38,61527.19,81657.92,85781.37,105912.11,105912.11,441.78,441.89,452.89,603.3,642.22,792.63,792.63,871.89,154696.63,0,1362.43,252.63,15.11,733.9,47.8,18.41,40.6,200.39,36.78,107.98,1152.87,62,20,133.62,83912.85,26991.83,5161.83,10580.36,25078.15,13283.53,794.84,5.66,0,208.82,1807.83,21999.26,20113.69,17.05,100.36,478.31,1289.85,105912.11
Potato,Bihar,51195.4,51195.4,52359.03,75055.82,62587.9,85284.7,85284.7,327.93,327.93,335.41,480.43,400.78,545.79,545.79,600.369,95950.38,0,2096.29,178.783,17.563,669.35,0,10.057,32.282,93.595,32.36,0,564.77,37,11,156.26,60805.8,21659.41,0,3730.33,21082.55,7415.25,565.26,4820.38,0,0,1532.62,24478.9,22696.79,0,227.09,391.38,1163.64,85284.7
Potato,Gujarat,72798.7,74145.12,77580.87,104683.87,80528.99,107631.99,107631.99,245.1,249.61,261.24,352.62,371.19,362.58,362.58,398.84,177516.52,33.88,3613.27,527.88,4.06,555.42,0,7.16,34.08,105.78,24.85,0,590.65,24,5,296.8,75348.24,13802.17,0,7910.99,25855.08,18419.36,3327.13,3182.66,0,0,2193.93,32283.75,25756.59,1346.42,2.67,395.91,4782.16,107631.99
Potato,Himachal Pradesh,43643.79,45629.42,46152.34,59677.04,65097.48,78622.18,78622.18,421.17,438.14,446.89,598.54,684.22,835.87,835.87,919.46,109758.25,0,1144.04,82.04,146.87,487.15,18.2,14.19,28.27,86.63,48.13,90.5,965.52,45,8,94.06,62194.34,23446.12,1646.84,2712.51,16228.66,15042.38,1230.41,394.6,0,182.25,1310.57,16427.84,11539.07,1985.63,12.33,382.26,2508.55,78622.18
Potato,Karnataka,105598.68,105598.68,110997,167809.4,133838.46,190650.86,190650.86,360.03,360.03,377.88,550.67,460.82,633.6,633.6,696.96,284062.01,0,2027.19,387.83,19.56,1139.3,27.25,11.86,34.04,800.01,39.5,118.9,912.05,7,2,300.9,127631.97,44996.77,3240.3,12224.42,24046.17,28849.67,6542.62,3157.31,0,1399.25,3175.46,63018.89,56812.4,0,194.98,613.19,5398.32,190650.86
Potato,Madhya Pradesh,66438.63,66438.63,68940.35,92507.99,76765.58,100333.22,100333.22,306.04,306.04,317.44,427.37,354.73,464.66,464.66,511.126,141377.56,0,2418.358,189.698,0,542.97,18.2,15.068,28.382,0,29.71,56.13,635.48,8,3,215.93,73854.4,16129.02,1021.45,5171.14,36440.24,5383.96,1676.24,6004.19,0,27.29,2000.87,26478.82,23567.64,0,5.96,403.5,2501.72,100333.22
Potato,Pnnjab,77994.1,81442.47,82374.62,119835.41,84710.25,122171.04,122171.04,219.85,233.11,230.99,335,238.63,342.63,342.63,376.893,245216.69,0,5190.19,515.653,0,565.29,0,4.202,26.775,0,46.41,0,585.8,5,4,356.57,79953.12,26232.8,0,11253.42,21808.39,13806.83,3970.73,528.92,0,0,2352.03,42217.92,34012.43,3448.37,0,376.6,4380.52,122171.04
Potato,Uttar Pradesh,54887.97,56589.27,56849.08,80943.4,63239.27,87333.59,87333.59,240.25,246.74,248.5,353.9,276.89,382.3,382.3,420.53,167883.67,0,3329.77,362.74,3.3,503.62,0.09,4.71,26.43,173.33,31.21,157.04,846.38,88,23,228.44,60903.41,15720.02,13.61,11981.46,15683.39,10159.96,402.75,5239.25,0,51.07,1651.9,26430.18,22393.02,1701.3,10.81,363.93,1961.12,87333.59
Potato,West Bengal,88515.79,88557.23,89864.56,145121.71,120019.8,175276.95,175276.95,301.44,301.58,305.98,493.84,409.8,597.66,597.66,657.43,221593.64,0,1239.49,962.11,16.43,1313.89,16.41,15.21,25.42,165.28,38.89,88.18,717,142,19,293.27,117680.66,51093.2,1446.58,7377.01,18847.33,27175.54,4746.33,2288.76,0,425.03,2652.27,57596.29,55215.71,41.44,13.25,977.13,1348.76,175276.95
Sugarcane,Andhra Pradesh,119995.71,119995.71,123255.57,193639.14,133465.68,203849.25,204477.8,141.08,141.08,144.91,227.66,156.92,239.67,240.41,264.45,234470.36,141.51,42.91,396.03,7.79,1814.32,19.97,267.26,23.4,89.43,51.77,76.97,262.74,43,8,850.03,129881.42,93933.81,1537.18,1917.89,11469.41,9964.37,1523.57,1943.31,0,552.42,7039.46,73967.83,70383.56,0,0,324.4,3259.87,203849.25
Sugarcane,Bihar,60395.59,60395.59,65455.5,79834.75,68847.81,83227.06,83227.06,93.6,93.6,101.44,123.72,106.69,128.98,128.98,141.88,185393.19,7075.85,56.396,238.897,8.909,688.19,0,282.421,32.472,99.997,33.33,0,301.54,8,2,621.55,62545.83,22939.35,0,5839.29,15927.39,8648.23,1299.82,4412.14,0,0,3479.61,20681.23,14379.25,0,52.63,1189.43,5059.92,83227.06
Sugarcane,Haryana,47386.96,47386.96,56355.05,116831.79,61442.01,121918.75,121918.75,54.52,54.52,64.83,134.41,70.38,140.26,140.26,154.29,277740.61,7622.41,18.7,106.45,0,680.67,0,354.61,19.09,0,49.53,0,320.69,17,9,846.02,51234,33712.16,0,2170.45,6632.81,2032.32,1009.14,2962.61,0,0,2714.51,70684.75,60476.73,0,0,1239.94,8968.08,121918.75
Sugarcane,Karnataka,52166.62,52166.62,57524.71,105713.91,66286.51,114475.7,118043.19,58.91,58.91,64.96,119.38,74.86,129.28,133.31,146.64,233808.31,4235.16,31.95,476.53,7.14,688.28,21.76,320.85,25.24,164.41,32.82,127.53,260.77,77,20,869.73,60374.17,22587.15,2775.17,5700.71,10252.27,13202.67,674.9,1862.24,0,282.76,3036,54101.53,48489.2,0,7.23,547,5358.1,114475.7
Sugarcane,Maharashtra,144418.03,144418.03,162697.34,209553.58,184850.75,231706.99,231706.99,120.59,120.59,135.86,174.98,154.35,193.48,193.48,212.83,266483.53,14597.7,30.79,724.39,23.07,1814.22,53.54,348.5,27.25,227.05,36.58,155.38,230.86,174,30,1135.38,164934.39,66370.66,8319.22,27348.56,10730.17,24976.61,824.21,17163.1,4.97,798.03,8398.86,66772.6,46856.24,0,34.05,1602.99,18279.32,231706.99
Sugarcane,Punjab,75862.95,75862.95,84658.57,165479.09,91893.27,172713.79,172713.79,83.8,83.8,93.51,182.79,101.5,190.78,190.78,209.86,262447.99,3934.3,45.647,192.847,19.957,1037.54,0,318.872,17.944,17.132,47.06,0,310.01,6,4,891.93,82240.12,48831.15,0,3230.75,14555.51,3802.36,6144.7,1263.6,0,0,4412.05,90473.67,80820.51,0,0,857.53,8795.63,172713.79
Sugarcane,Tamil Nadu,122383.36,122383.36,145030.57,191454.81,168428.03,214852.28,218722.41,140.01,140.01,164.44,215.77,190.76,242.1,246.46,271.11,233177.69,4167.19,30.14,538.69,24.57,1534.63,16.91,261.77,24.03,148.35,54.08,74.02,302.68,82,23,871.99,144348.07,82989.93,1252.01,3208.7,7888.87,16590.05,1167.24,13810.24,0,169.68,7114.7,70504.21,46424.24,0,14.24,1418.52,22647.21,214852.28
Sugarcane,Uttar Pradesh,64567.99,54581.94,76255.05,11502.12,86866.89,125636.96,125636.96,102.3,102.32,120.81,182.24,137.63,199.05,199.05,218.96,191863.58,9165.02,26.21,208.6,9.01,1288.1,6.57,310.46,20.35,79.39,31.89,108.08,307.45,172.26,26,602.42,73272.56,41082.96,710.42,3530.33,8135.65,4958.41,1867.88,9299.28,0,1.74,3685.89,52364.4,38756.12,13.96,16.16,1891.09,11687.07,125636.96
Sugarcane,Uttarakhand,48971.59,48971.59,52738.35,105223.64,60853.46,113338.76,113338.76,83.52,83.52,89.95,179.47,103.79,193.31,193.31,212.64,181319.62,9310.94,22.9,199.17,0,1110.04,5.35,301.92,16.36,0,34.36,49.98,315.36,14,2,557.67,55940.69,38145.36,267.45,1897.52,6914.4,3257.76,0,2644.96,0,0,2813.24,57398.07,52485.3,0,24.87,1121.14,3766.76,113338.76
Coconut AP,Andhra Pradesh,3,47487.08,47487.08,47759.15,86068.66,53736.22,92045.74,252.98,2.5,2.5,2.51,4.35,2.77,4.62,2.51,2.51,2.52,2.78,4.63,127698.4,0,,682.11,0,388.79,0,,0,26.7,0,78.7,23089.57,0,0,358.61,0,18212.91,502.17,132.87,0,437.15,2766.56,39036.95,38309.52,0,0,455.37,272.06,92045.74
Coconut Ka,Karnataka,3,14914.2,14914.2,20973.18,30890.16,27485.36,37402.35,20067.47,5.05,5.05,7.2,9.95,9.24,11.99,10.38,10.38,12.53,14.57,17.32,45432.19,493.31,,117.76,3.31,296.04,1.6,,0,10.47,299.44,40.65,5520.56,94.49,922.02,3433.07,992.42,2225.33,291.33,1098.25,217,0,645.15,852.07,16408.8,9916.99,0,23.64,409.19,6058.98
Coconut Ke,Kerala,3,,,,,,,,,,,,,,,,,,,,,,,,,,,,,,,39911.59,0,0.2,106.36,16942.98,17728.07,69.02,242.63,0,0,346.02,3650.32,8685.4,0,0,294.86,2850.78,5539.76
Coconut Ke,Kerala,4,103530.04,103530.04,104625.85,147496.68,122383.49,165254.32,41469.52,6.36,6.36,6.42,8.68,7.2,9.47,8.78,8.78,8.84,9.62,11.89,209646.81,4846.57,,25.68,74.18,815.47,0,,0,25.71,319.15,109.21,71251.94,0,0.02,248.13,23674.88,24335.07,5.61,362.15,0,0,130.66,6023.88,45090.2,42870.83,0,245.74,877.83,1095.8
Coconut TN,Tamil Nadu,3,63153.4,63153.4,79870.47,127328.82,102632.34,150090.7,14015.74,3.08,3.08,3.76,5.86,4.75,6.85,3.76,3.76,4.44,5.43,7.53,228386.69,12517.68,,328.71,29.34,797.2,0,,0,25.16,170.93,53.9,19398.2,0,576.16,2560.33,5014.98,13284.4,94.35,12655.17,317.55,0,9676.85,3674.91,64854.9,47458.36,0,12.96,666.52,16717.06
